Title,Author,Source,Persona,Date_Collected,Trend_Reason,Trend_Category,Genre Tag(s),Series,Publisher,First_Publish_Year,Page_Count,Adaptation,Diversity_Rep,Content_Warnings,Description,Content_Warning_Category,Diversity_Category,Genre_Category,Genre_Tropes,Genre_Themes,Genre_Format,Genre_Subtags
The Serpent and the Wings of Night,Carissa Broadbent,BookTok,Kenna,25-Jan,Romantasy fav resurging with Fourth Wing fans,Romantasy Resurgence,"Romantasy, Vampires, Trials, Trauma",Yes,Self-Published,2022,496,Not Yet Considered,,"Violence, death, trauma",Oraya enters a brutal vampire trial to claim her power - and her place in a world that fears her. ,"Death / Grief, Violence",,Romantasy,"Trials, Vampires",Trauma Recovery,,"Trauma Recovery, Trials, Vampires"
Onyx Storm,Rebecca Yarros,BookTok,Kenna,25-Jan,"Anticipated sequel, trauma themes",Series Momentum,"Romantasy, Military",Yes,Entangled,2024,544,Not Yet Considered,,"PTSD, war",Book 3 of a popular dragon-themed series,"Mental Health, War / Political Oppression",,Romantasy,,,,
A Curse Carved in Bone,Danielle L. Jensen,B&N Reads,Kenna,25-Jan,Indie dark romantasy,Indie Author Buzz,"Fantasy, Romance, Why Choose",Yes,Del Rey,2024,448,Not Yet Considered,,Violence,"Spicy, broody love triangle fantasy",Violence,,Fantasy,Why Choose,,,Why Choose
Legendborn,Tracy Deonn,BookTok,Kenna,25-Jan,"BIPOC author, emotional fantasy",Emotional / Trauma Themes,"YA Fantasy, Grief, Academia",Yes,Simon & Schuster,2020,512,Not Yet Considered,Bipoc,"Racism, grief",Arthurian retelling with Southern Black heroine,"Death / Grief, Racism / Discrimination",Uncategorized,Fantasy,,Grief,,Grief
Scythe and Sparrow,Brynne Weaver,BookTok,Kenna,25-Jan,Queer romantasy rising,Romantasy Resurgence,"Queer Fantasy, Romance, Gothic",Yes,Self-Published,2024,380,Not Yet Considered,Lgbtq+,Grief,"Two girls, a sparrow, and emotional damage",Death / Grief,Queer Identity,Fantasy,,,,
Problematic Summer Romance,Ali Hazelwood,BookTok,Kenna,25-Jan,Satirical viral romance,Viral Momentum,"Romance, Academia",No,Berkley,2025,368,Not Yet Considered,,Sexism,Spoof on academic romance clichés,Uncategorized,,Romance,,,,
Wild Dark Shore,Charlotte McConaghy,B&N Reads,Kenna,25-Jan,Nature + grief theme,Emotional / Trauma Themes,"Environmental Fiction, Romance",No,Flatiron,2023,400,Not Yet Considered,,Animal death,Quietly emotional eco-romance,Death / Grief,,Romance,,,,
The Knight and the Moth,Rachel Gillig,B&N Reads,Kenna,25-Jan,Moody romantasy launch,Romantasy Resurgence,"Fantasy, Gothic, Romance",Yes,Orbit,2025,432,Not Yet Considered,,"Death, war",Slow-burn lovers + political strife,"Death / Grief, War / Political Oppression",,Fantasy,,,,
Belladonna,Adalyn Grace,BookTok,Kenna,25-Jan,Gothic fantasy re-trending,Other / Uncategorized,"YA Fantasy, Paranormal",Yes,"Little, Brown",2022,416,Film,,Death,She can see spirits... and kiss them,Death / Grief,,Fantasy,,,,
Sunrise on the Reaping,Suzanne Collins,B&N Reads,Kenna,25-Jan,Hunger Games revival,Viral Momentum,"YA, Dystopia",Yes,Scholastic,2025,TBD,Film,,"Death, oppression",Prequel to the original series,Death / Grief,,Speculative Fiction,,,,
Stealing Sunshine,Hannah Cowan,BookTok,Kenna,25-Jan,Indie romance with grief arc,Emotional / Trauma Themes,"Contemporary, Romance, Grief",No,Self-Published,2024,350,Not Yet Considered,,"Loss, anxiety",Love story between healing people,"Death / Grief, Mental Health",,Romance,,Grief,,Grief
"The Savage, Noble Death of Babs Dionne",Ron Currie,B&N Reads,Kenna,25-Jan,Lit-fic w/ social commentary,Viral Momentum,"Literary Fiction, Satire",No,Viking,2024,340,Not Yet Considered,,Suicide,Dark + witty social satire,Death / Grief,,Uncategorized,,Satire,,Satire
The Amalfi Curse,Sarah Penner,B&N Reads,Kenna,25-Jan,Atmospheric + gothic blend,Other / Uncategorized,"Mystery, Romance, Historical",No,Park Row,2024,392,Not Yet Considered,,"Cult, religious trauma",Beautiful setting + sinister secrets,Religious Trauma / Cults,,Romance,,,,
Deep Cuts,Holly Brickley,B&N Reads,Kenna,25-Jan,"Sharp, emotional indie",Emotional / Trauma Themes,"Literary, Contemporary",No,Indie,2024,300,Film,,"SA, mental health",Raw story about recovery,"Mental Health, Sexual Violence / SA",,Contemporary Fiction,,,,
Broken Country,Clare Leslie Hall,B&N Reads,Kenna,25-Jan,B&N winter pick,Viral Momentum,"Literary Fiction, Romance",No,Indie,2025,336,Film,,"Grief, rural trauma",Two broken people finding comfort,Death / Grief,,Romance,,,,
The Hurricane Wars,Thea Guanzon,BookTok,Kenna,25-Feb,Enemies-to-lovers romantasy + SEA rep,Romantasy Resurgence,"Romantasy, Political, Enemies-to-Lovers",Yes,Harper Voyager,2023,480,Not Yet Considered,Southeast Asian,"War, colonialism",An orphaned soldier & a shadow prince must decide if love is stronger than revolution.,"Racism / Discrimination, War / Political Oppression",Asian / South Asian,Romantasy,Enemies-to-Lovers,Political,,"Enemies-to-Lovers, Political"
His in the Dark,Willa Winters,BookTok,Kenna,25-Feb,Spice-heavy indie dark romance,Indie Author Buzz,"Smut, Dark Romance, Obsession",Yes,Indie,2023,360,Film,,"Coercion, dubcon",Possessive “he falls first” trope with blurred boundaries,Sexual Violence / SA,,Romance,,,Smut,Smut
Watch Me,Tahereh Mafi,B&N Reads,Kenna,25-Feb,"Quiet BookTok favorite, emotional lit-fic",Series Momentum,"Literary, Contemporary, Grief",No,Harper,2024,352,TV,Bipoc,"Mental health, grief","A woman navigates cultural identity, depression, and hope","Death / Grief, Mental Health",Uncategorized,Contemporary Fiction,,Grief,,Grief
Lady of Darkness,Melissa K. Roehrich,BookTok,Kenna,25-Feb,KU romantasy gaining traction,Romantasy Resurgence,"Fantasy, Romance, Trials, Smut",Yes,Indie,2022,438,Film,,"Abuse, emotional manipulation","A morally gray heroine battles enemies, fate, and desire",Abuse (Emotional/Physical),,Fantasy,Trials,,Smut,"Smut, Trials"
House of Marionne,J. Elle,BookTok,Kenna,25-Feb,BIPOC dark academia vibes,Indie Author Buzz,"YA Fantasy, Magic, Secret Societies",Yes,Razorbill,2023,432,Not Yet Considered,Bipoc,Power imbalance,"Magical training with class, race, and romance tension",Uncategorized,Uncategorized,Fantasy,Secret Societies,,,Secret Societies
Fourth Wing,Rebecca Yarros,BookTok,Kenna,25-Feb,"Still trending post-Iron Flame, rereads",Viral Momentum,"Romantasy, Dragons, Military School",Yes,Entangled,2023,528,Not Yet Considered,,"PTSD, violence",Violet’s brutal training and spicy romance keep it viral,"Mental Health, Violence",,Romantasy,Dragons,,,Dragons
Binding 13,Chloe Walsh,BookTok,Kenna,25-Feb,Emotional sports romance binge,Emotional / Trauma Themes,"New Adult, Romance, Trauma",Yes,Self-Pub,2018,600,Not Yet Considered,,"Abuse, depression",A rugby player falls for a girl with deep emotional scars,"Abuse (Emotional/Physical), Mental Health",,Romance,,Trauma Recovery,,Trauma Recovery
Reckless Love,Unknown,BookTok,Kenna,25-Feb,Mysterious viral KU title,Viral Momentum,"Smut, Romance, Possessive Hero",Yes,Indie,2025,~300,Film,,"Dubcon, manipulation","Toxic love, TikTok drama book","Abuse (Emotional/Physical), Sexual Violence / SA",,Romance,Possessive Hero,,Smut,"Possessive Hero, Smut"
The Deep End,Ali Hazelwood,BookTok,Kenna,25-Feb,Spicy novella in viral STEMinist world,Viral Momentum,"Smut, Contemporary, Short Reads",Yes,Berkley,2024,112,TV,,Explicit sex scenes,Poolside hookup novella from a fan-favorite author,Sexual Content / Explicit Scenes,,Romance,,,"Short Reads, Smut","Short Reads, Smut"
Fireborne,Rosaria Munda,BookTok,Kenna,25-Feb,Readers want more dragons post-Fourth Wing,Trending Tropes (BookTok),"YA Fantasy, Dragons, Political",Yes,G.P. Putnam’s Sons,2019,448,In Dev,,War trauma,"Dragonriders in a revolution, but make it philosophical",War / Political Oppression,,Fantasy,Dragons,Political,,"Dragons, Political"
The Night Defying,Chloe C. Penaranda,BookTok,Kenna,25-Feb,Indie romantasy with emotional edge,Emotional / Trauma Themes,"Fantasy, Romance, Prophecy",Yes,Indie,2024,402,Not Yet Considered,,"Trauma, death","Fated bonds, ancient magic, and aching tension",Death / Grief,,Fantasy,,,,
Belladonna,Adalyn Grace,BookTok,Kenna,25-Feb,"Gothic romantasy, TV optioned",Other / Uncategorized,"YA Fantasy, Paranormal",Yes,"Little, Brown",2022,416,Film,,Death,A girl who can talk to spirits falls for Death himself,Death / Grief,,Fantasy,,,,
Out of the Woods,Hannah Bonam-Young,BookTok,Kenna,25-Feb,"Queer, cozy + emotionally healing",Emotional / Trauma Themes,"Queer Romance, Nature, Grief",No,Indie,2024,384,Film,Lgbtq+,"Anxiety, self-worth",Romance rooted in vulnerability + hope,Mental Health,Queer Identity,Romance,,Grief,,Grief
Phantom,H.D. Carlton,BookTok,Kenna,25-Feb,Spicy retelling gone viral again,Viral Momentum,"Smut, Thriller, Retelling",Yes,Indie,2022,420,Film,,"Stalking, obsession",A Phantom of the Opera reimagining with a dark twist,Uncategorized,,Romance,Retelling,,Smut,"Retelling, Smut"
The Three Lives of Cate Kay,Kate Fagan,BookTok,Kenna,25-Feb,Literary meets speculative twist,Other / Uncategorized,"Contemporary, Speculative",No,"Little, Brown",2025,384,Not Yet Considered,,,,,,Contemporary Fiction,,,,
Scythe and Sparrow,Brynne Weaver,BookTok,Kenna,25-Mar,Queer romantasy resurgence,Romantasy Resurgence,"Queer Fantasy, Romance, Gothic",Yes,Self-Published,2023,376,Not Yet Considered,Lgbtq+,"Death, grief","A moody, magical queer love story with big feels",Death / Grief,Queer Identity,Fantasy,,,,
Comeback,Rebecca Jenshak,BookTok,Kenna,25-Mar,Sports romance with real emotional arc,Emotional / Trauma Themes,"Contemporary, Romance, New Adult",Yes,Indie,2024,360,TV,,Cheating rumors,Star athlete and bookish girl fall into messy love,Uncategorized,,Romance,,,,
Once Smitten Twice Shy,Chloe Liese,BookTok,Kenna,25-Mar,#ChronicIllnessRep trending again,Viral Momentum,"Contemporary Romance, Disability Rep",No,Berkley,2023,352,Not Yet Considered,Neurodiverse,"Ableism, grief","Cozy, inclusive romance from a fan-favorite author","Death / Grief, Disability / Neurodivergence",Neurodivergent,Romance,,,,
Fourth Wing,Rebecca Yarros,BookTok,Kenna,25-Mar,Re-buzz due to anniversary & rereads,New Release Buzz,"Romantasy, Dragons, Trials",Yes,Entangled,2023,528,Not Yet Considered,,"PTSD, war",Violet and Xaden have the fandom in a chokehold,"Mental Health, War / Political Oppression",,Romantasy,"Dragons, Trials",,,"Dragons, Trials"
Binding 13,Chloe Walsh,BookTok,Kenna,25-Mar,Emotional trauma + sports combo,Emotional / Trauma Themes,"NA Romance, Rugby, Healing",Yes,Self-Published,2018,600,Not Yet Considered,,"Abuse, anxiety",He protects her. She saves him. Big feels.,"Abuse (Emotional/Physical), Mental Health",,Romance,,"Healing, Trauma Recovery",,"Healing, Trauma Recovery"
Deep End,Ali Hazelwood,BookTok,Kenna,25-Mar,Spicy novella reruns on KU,Viral Momentum,"Smut, Short Romance",Yes,Berkley,2024,112,Film,,Explicit scenes,Poolside hookup in a STEM-inist novella world,Sexual Content / Explicit Scenes,,Romance,,,Smut,Smut
Credence,Penelope Douglas,BookTok,Kenna,25-Mar,BookTok drama book resurfaces,Series Momentum,"Taboo Romance, Smut",No,Indie,2020,480,Film,,"Age gap, coercion",Wild girl + three mountain men = chaos,Sexual Violence / SA,,Romance,,,Smut,Smut
The Crash,Freida McFadden,BookTok,Kenna,25-Mar,Twist-heavy thriller gone viral again,Viral Momentum,"Psychological Thriller, Domestic",No,Sourcebooks,2023,336,Film,,"Death, gaslighting","Fast-paced, bingeable dark mystery","Abuse (Emotional/Physical), Death / Grief",,Horror,,,,
The Wedding People,Alison Espach,B&N Reads,Kenna,25-Mar,Emotional literary pick,Emotional / Trauma Themes,"Lit Fic, Romance, Emotional Satire",No,Henry Holt,2024,384,Film,,Loneliness,Wedding guests realize how lost they are,Uncategorized,,Romance,,Satire,,Satire
King of Envy,Ana Huang,BookTok,Kenna,25-Mar,Billionaire BookTok cycle continues,Series Momentum,"Romance, Smut, Modern Royals",Yes,Indie,2023,392,Not Yet Considered,,Power imbalance,"Rich, ruthless man falls against his will",Uncategorized,,Romance,,,Smut,Smut
Out of the Woods,Hannah Bonam-Young,BookTok,Kenna,25-Mar,Queer mental health + cozy vibes,Queer / Identity-Based Discovery,"Queer Romance, Healing",No,Indie,2024,384,Film,Lgbtq+,"Anxiety, trauma",Queer adults finding love in a quiet life,Mental Health,Queer Identity,Romance,,"Healing, Trauma Recovery",,"Healing, Trauma Recovery"
Lady of Darkness,Melissa K. Roehrich,BookTok,Kenna,25-Mar,KU romantasy keeps climbing,Romantasy Resurgence,"Fantasy, Romance, Trials",Yes,Self-Pub,2022,438,Film,,"Abuse, violence",Magic meets broken girls + intense spice,"Abuse (Emotional/Physical), Violence",,Fantasy,Trials,,,Trials
Wild and Wrangled,Lyla Sage,BookTok,Kenna,25-Mar,Small-town spicy romance returns,Viral Momentum,"Contemporary Romance, Cowboy",Yes,Bloom Books,2023,368,Not Yet Considered,,"Family tension, spice",Cowboy chaos + one horse girl in love,Uncategorized,,Romance,,,,
Cruel is the Light,Sophie Clark,BookTok,Kenna,25-Mar,"Indie dark romance, morally gray vibes",Indie Author Buzz,"Romance, Thriller, Smut",Yes,Indie,2025,400,Not Yet Considered,,"Possessiveness, trauma",A love that burns too bright and hurts,Sexual Violence / SA,,Romance,,,Smut,Smut
The Favourites,Layne Fargo,BookTok,Kenna,25-Mar,Queer thriller in BookTok rec stacks,Series Momentum,"Thriller, Suspense, Queer Lit",No,Gallery Books,2024,368,TV,Lgbtq+,"Jealousy, toxicity","Messy women, ambition, obsession",Uncategorized,Queer Identity,Mystery / Thriller,,Queer Lit,,Queer Lit
Redeeming 6,Chloe Walsh,BookTok,Kenna,25-Apr,Long-awaited series finale,Series Momentum,"New Adult, Romance, Trauma",Yes,Self-Pub,2020,620,Not Yet Considered,,"Abuse, addiction",The tortured bad boy finally gets his redemption arc,"Abuse (Emotional/Physical), Addiction / Substance Use",,Romance,,Trauma Recovery,,Trauma Recovery
City of Gods and Monsters,Kayla Edwards,BookTok,Kenna,25-Apr,Massive romantasy world trending,Romantasy Resurgence,"Fantasy, Romance, Dark Academia",Yes,Indie,2022,700+,Not Yet Considered,,"Violence, trauma",Fans call it “ACOTAR meets Crescent City with teeth”,Violence,,Fantasy,,Dark Academia,,Dark Academia
Quicksilver,Callie Hart,BookTok,Kenna,25-Apr,Dark romance binge series,Series Momentum,"Romance, Thriller, Smut",Yes,Indie,2022,400+,Film,,"Kidnapping, violence",Twisted but unputdownable,Violence,,Romance,,,Smut,Smut
The Frozen River,Ariel Lawhon,B&N Reads,Kenna,25-Apr,Haunting historical mystery,Viral Momentum,"Historical Fiction, Suspense",No,Doubleday,2023,432,Film,,"SA, murder","Based on true events, a midwife investigates a body found in the river","Sexual Violence / SA, Violence",,Mystery / Thriller,,,,
The God of the Woods,Liz Moore,BookTok,Kenna,25-Apr,Literary + eerie mystery blend,Viral Momentum,"Literary Fiction, Mystery",No,Riverhead,2024,464,Film,,Child disappearance,TikTok calls it “Sharp Objects meets Station Eleven”,Sexual Violence / SA,,Mystery / Thriller,,,,
Belladonna,Adalyn Grace,BookTok,Kenna,25-Apr,Re-trending due to sequel buzz,Series Momentum,"YA Fantasy, Paranormal Romance",Yes,"Little, Brown",2022,416,Film,,Death,Death personified + spooky gothic manor = chef’s kiss,Death / Grief,,Fantasy,,,,
What the River Knows,Isabel Ibañez,BookTok,Kenna,25-Apr,Book 2 release = Book 1 trending,Series Momentum,"YA Fantasy, Egyptology",Yes,Wednesday Books,2023,384,Not Yet Considered,Latine,"Colonial themes, grief",Magic + adventure in 19th-century Cairo,"Death / Grief, Racism / Discrimination",Latinx,Fantasy,,,,
Beautiful Ugly,Alice Feeney,BookTok,Kenna,25-Apr,“Psychological thriller of the year”,Viral Momentum,"Thriller, Domestic Suspense",No,Flatiron,2024,368,TV,,"Abuse, gaslighting",A beauty influencer’s life spirals after a viral lie,Abuse (Emotional/Physical),,Mystery / Thriller,,,,
Comeback,Rebecca Jenshak,BookTok,Kenna,25-Apr,Romance + redemption arc combo,Viral Momentum,"New Adult, Sports Romance",Yes,Indie,2024,360,TV,,"Trauma, cheating rumors",He left the game — now he wants to win her back,Uncategorized,,Romance,,,,
Wings of Starlight,Allison Saft,BookTok,Kenna,25-Apr,Lush romantasy with dragon tension,Romantasy Resurgence,"Fantasy, Romance, Found Family",Yes,Wednesday Books,2025,~480,Not Yet Considered,Subtle Neurodivergence,"Grief, yearning",Delicate prose + soft magic and a lot of feelings,Death / Grief,Neurodivergent,Fantasy,,Found Family,,Found Family
Phantom,H.D. Carlton,BookTok,Kenna,25-Apr,Dark retelling riding viral wave again,Viral Momentum,"Dark Romance, Retelling, Smut",Yes,Indie,2022,420,Film,,"Stalking, obsession",Phantom of the Opera meets BookTok spice,Uncategorized,,Romance,Retelling,,Smut,"Retelling, Smut"
The Wedding People,Alison Espach,B&N Reads,Kenna,25-Apr,Soft lit-fic with ironic tone,Viral Momentum,"Lit Fic, Romance, Satire",No,Henry Holt,2024,384,Film,,Emotional stagnation,Guests at a wedding reevaluate everything,Uncategorized,,Romance,,Satire,,Satire
Cruel is the Light,Sophie Clark,BookTok,Kenna,25-Apr,Spice-forward indie thriller,Indie Author Buzz,"Dark Romance, Smut, Thriller",Yes,Indie,2025,400,Not Yet Considered,,"Dubcon, possession",Fans say “if Vicious had a goth twin”,"Sexual Violence / SA, Supernatural Horror",,Romance,,,Smut,Smut
The Great Alone,Kristin Hannah,BookTok,Kenna,25-Apr,Backlist emotional blow-up,Emotional / Trauma Themes,"Literary, Survival, Family Drama",No,St. Martin’s,2018,448,Film,,"Abuse, violence","Raw, rugged, and emotional AF","Abuse (Emotional/Physical), Violence",,Uncategorized,,,,
Out of the Woods,Hannah Bonam-Young,BookTok,Kenna,25-Apr,Quiet queer romance with cozy vibes,Queer / Identity-Based Discovery,"Queer Romance, Healing",No,Indie,2024,384,Film,Lgbtq+,"Anxiety, isolation",Safe love after trauma in a forest setting,Mental Health,Queer Identity,Romance,,"Healing, Trauma Recovery",,"Healing, Trauma Recovery"
Only Love Can Hurt Like This,Paige Toon,BookTok,Kenna,25-May,Sad girl spring energy,Viral Momentum,"Contemporary Romance, Grief",No,G.P. Putnam’s Sons,2023,368,Not Yet Considered,,"Loss, heartbreak",Emotionally devastating but hopeful,Death / Grief,,Romance,,Grief,,Grief
The Women,Kristin Hannah,BookTok,Kenna,25-May,Historical lit-fic domination,Viral Momentum,"Historical Fiction, Feminism",No,St. Martin’s,2024,480,Film,,"War, sexism",Vietnam War through the lens of a female medic,War / Political Oppression,,Historical Fiction,,,,
Sunrise on the Reaping,Suzanne Collins,BookTok,Kenna,25-May,Hunger Games buzz post-release,New Release Buzz,"YA, Dystopia, Political",Yes,Scholastic,2025,~500,Film,,"Death, oppression",A new take on a familiar world of rebellion,Death / Grief,,Speculative Fiction,,Political,,Political
Out of the Woods,Hannah Bonam-Young,BookTok,Kenna,25-May,"Queer, healing, and comforting",Queer / Identity-Based Discovery,"Queer Romance, Trauma Recovery",No,Indie,2024,384,Film,Lgbtq+,"Anxiety, fear",Quiet forest romance with big emotional payoff,Mental Health,Queer Identity,Romance,,Trauma Recovery,,Trauma Recovery
The Serpent and the Wings of Night,Carissa Broadbent,BookTok,Kenna,25-May,Fans obsessing pre-Onyx Storm,Viral Momentum,"Romantasy, Vampires, Trials",Yes,Indie/Bramble,2022,496,Not Yet Considered,,"Violence, trauma",A human girl in a vampire death tournament,Violence,,Romantasy,"Trials, Vampires",,,"Trials, Vampires"
"The Savage, Noble Death of Babs Dionne",Ron Currie,B&N Reads,Kenna,25-May,Satirical but tragic backlist buzz,New Release Buzz,"Literary Fiction, Satire, Mental Health",No,Viking,2024,340,Not Yet Considered,,"Suicide, depression",Cynical brilliance meets emotional gut punch,"Death / Grief, Mental Health",,Uncategorized,,Satire,,Satire
Binding 13,Chloe Walsh,BookTok,Kenna,25-May,Backlist binge fest keeps going,Viral Momentum,"New Adult, Sports, Trauma",Yes,Self-Pub,2018,600,Not Yet Considered,,"Abuse, isolation","Readers cry, cheer, and reread",Abuse (Emotional/Physical),,New Adult (NA),,Trauma Recovery,,Trauma Recovery
Belladonna,Adalyn Grace,BookTok,Kenna,25-May,Re-trending again with TV buzz,New Release Buzz,"YA Fantasy, Paranormal",Yes,"Little, Brown",2022,416,Film,,Death,Swoony death personified + ghosty manor drama,Death / Grief,,Fantasy,,,,
Where Did You Go,Jeneane O'Riley,BookTok,Kenna,25-May,Emotional mystery goes viral,Emotional / Trauma Themes,"Contemporary, Literary, Grief",No,Indie,2025,360,Film,,"Death, loss",Quiet devastation in beautiful writing,Death / Grief,,Contemporary Fiction,,Grief,,Grief
Beautiful Ugly,Alice Feeney,BookTok,Kenna,25-May,TikTok thriller of the month,Viral Momentum,"Thriller, Suspense, Domestic",No,Flatiron,2024,368,TV,,"Abuse, gaslighting",Internet persona meets real-life unraveling,Abuse (Emotional/Physical),,Mystery / Thriller,,,,
Court of the Undying Seasons,A.M. Strickland,BookTok,Kenna,25-May,"Queer, vampire, dark academia",Other / Uncategorized,"Queer Fantasy, Magic, Vampires",Yes,Imprint,2023,400,Not Yet Considered,Lgbtq+,"Blood, abuse themes","Magic school, morally gray cast, queerness",Abuse (Emotional/Physical),Queer Identity,Fantasy,Vampires,,,Vampires
Immortal,Sue Lynn Tan,BookTok,Kenna,25-May,Mythology fans return post-sequel,Series Momentum,"Mythology, Fantasy, Romance",Yes,Harper Voyager,2024,480,Film,Asian,"Death, betrayal",Lush world based on Chinese myth,Death / Grief,Asian / South Asian,Fantasy,,,,
Comeback,Rebecca Jenshak,BookTok,Kenna,25-May,Closure arc still trending,Viral Momentum,"New Adult, Sports Romance",Yes,Indie,2024,360,TV,,Cheating rumors,Redemption arcs and clean slates,Uncategorized,,Romance,,,,
Cruel is the Light,Sophie Clark,BookTok,Kenna,25-May,Back on charts after a spicy scene went viral,Viral Momentum,"Dark Romance, Thriller, Smut",Yes,Indie,2025,400,Not Yet Considered,,"Possessiveness, dubcon",Unhealthy obsession in the name of love,Sexual Violence / SA,,Romance,,,Smut,Smut
The Three Lives of Cate Kay,Kate Fagan,B&N Reads,Kenna,25-May,Queer literary sci-fi buzz,Queer / Identity-Based Discovery,"Speculative, Contemporary, Queer Lit",No,"Little, Brown",2025,384,Not Yet Considered,Lgbtq+,Time loop grief,Sliding doors meets heartbreak,Death / Grief,Queer Identity,Contemporary Fiction,,Queer Lit,,Queer Lit
The Space Between Worlds,Micaiah Johnson,BookTok,Alex,25-Jan,Afrofuturist BookTok rec,Series Momentum,"Sci-Fi, Multiverse, Afrofuturism",No,Del Rey,2020,336,Not Yet Considered,"Black,Queer","Violence, classism",Multiverse travel is easy — unless you're the one dying in every world,"Classism / Poverty, Violence","Black / African, Queer Identity",Science Fiction,,,Verse,Verse
Chain-Gang All-Stars,Nana Kwame Adjei-Brenyah,BookTok,Alex,25-Jan,Dystopian gladiator game viral thread,Viral Momentum,"Speculative, Dystopia, Social Commentary",No,Pantheon,2023,384,Not Yet Considered,Black,"Systemic violence, gore",Reality TV + carceral horror — deeply layered,"Classism / Poverty, Violence",Black / African,Speculative Fiction,,,,
The Lesson,Cadwell Turnbull,BookTok,Alex,25-Jan,Backlist sci-fi gem resurging,Viral Momentum,"Sci-Fi, Aliens, Cultural Resistance",Yes,Blackstone,2019,286,Film,Caribbean,"Violence, colonialism",First contact in the Virgin Islands goes sideways,"Racism / Discrimination, Violence",Uncategorized,Science Fiction,,"Oppression / Resistance, Political",,"Oppression / Resistance, Political"
Lakewood,Megan Giddings,BookTok,Alex,25-Jan,Thriller with medical horror themes,Viral Momentum,"Speculative, Thriller, Dystopian",No,Amistad,2020,288,Film,Black,Medical trauma,Secret experiment for money — what would you do?,Medical / Institutional Abuse,Black / African,Mystery / Thriller,,,,
The Between,Tananarive Due,BookTok,Alex,25-Jan,Classic Black horror revived by BookTok,Series Momentum,"Horror, Speculative Thriller",No,Harper Voyager,1995 (reissued),320,TV,Black,"Nightmares, death",A man is haunted by a reality that keeps shifting,Death / Grief,Black / African,Horror,,,,
Blood Debts,Terry J. Benton-Walker,BookTok,Alex,25-Jan,Queer Black magic + family legacy,Queer / Identity-Based Discovery,"Urban Fantasy, YA, Queer",Yes,Tor Teen,2023,416,Film,"Black,Queer","Death, racism",New Orleans magic and a deadly family curse,"Death / Grief, Racism / Discrimination","Black / African, Queer Identity",Fantasy,,,,
"No Gods, No Monsters",Cadwell Turnbull,BookTok,Alex,25-Jan,Back-to-back trending author,Viral Momentum,"Speculative, Horror, Urban Fantasy",Yes,Blackstone,2021,336,Film,"Black,Queer","Death, violence",Monsters are real — and no longer hiding,"Death / Grief, Violence","Black / African, Queer Identity",Fantasy,,,,
The Black God’s Drums,P. Djèlí Clark,BookTok,Alex,25-Jan,Steampunk novella going viral again,Viral Momentum,"Steampunk, Alt History, Afrofuturism",No,Tor,2018,112,Not Yet Considered,Black,"Violence, war","Airships, storms, and rebellion in alt-NOLA","Violence, War / Political Oppression",Black / African,Science Fiction,,,,
The Memory Librarian,Janelle Monáe & others,BookTok,Alex,25-Jan,Nonbinary sci-fi brilliance resurging,Viral Momentum,"Sci-Fi, Anthology, Queer",No,Harper Voyager,2022,336,Not Yet Considered,"Queer,Black","Surveillance, grief",Afrofuturism meets techno-surveillance futures,"Death / Grief, Medical / Institutional Abuse","Black / African, Queer Identity",Science Fiction,,,Anthology,Anthology
Friday Black,Nana Kwame Adjei-Brenyah,BookTok,Alex,25-Jan,Short story collection back in rotation,Viral Momentum,"Satire, Speculative, Dystopian",No,Mariner,2018,192,Film,Black,"Violence, racism",Dark absurdism and social critique with bite,"Racism / Discrimination, Violence",Black / African,Speculative Fiction,,Satire,,Satire
The Gilda Stories,Jewelle Gomez,BookTok,Alex,25-Jan,Queer Black vampire classic trending,Queer / Identity-Based Discovery,"Queer Spec Fic, Vampire",Yes,City Lights,1991 (reissued),288,Not Yet Considered,"Black,Queer","SA, historical trauma",A woman-turned-vampire reclaims survival through the ages,Sexual Violence / SA,"Black / African, Queer Identity",Speculative Fiction,,,,
Remote Control,Nnedi Okorafor,BookTok,Alex,25-Jan,Tech-noir novella reappears on feed,Viral Momentum,"Sci-Fi, Afrofuturism, Dystopia",No,Tor,2021,160,TV,African,"Death, isolation",A mysterious girl and the deadly light she carries,Death / Grief,Black / African,Science Fiction,,,,
The Water Knife,Paolo Bacigalupi,BookTok,Alex,25-Jan,Climate thriller resurgence,Viral Momentum,"Sci-Fi, Thriller, Climate Crisis",No,Vintage,2015,384,Film,,"Drought, systemic collapse","Water is power, and people will kill to control it",Classism / Poverty,,Science Fiction,,,,
The Spite House,Johnny Compton,BookTok,Alex,25-Jan,Haunting Southern horror trending,Viral Momentum,"Horror, Haunted House, Thriller",No,Tor Nightfire,2023,304,Not Yet Considered,Black,Psychological terror,A house that wants your memories — and your family,Uncategorized,Black / African,Horror,,,,
Master of Poisons,Andrea Hairston,BookTok,Alex,25-Jan,Epic Afrofuturist fantasy returns,Viral Momentum,"Fantasy, Dystopia, Afrofuturism",No,Tor,2020,528,Film,Black,Ecological trauma,"A crumbling empire, deadly magic, and hope in defiance",Uncategorized,Black / African,Fantasy,,,,
Dead Silence,S.A. Barnes,BookTok,Alex,25-Mar,Haunted spaceship thriller resurging,Viral Momentum,"Sci-Fi, Horror, Thriller",No,Tor Nightfire,2022,352,Film,,"Gore, hallucinations",“Titanic in space” but full of screams,Violence,,Science Fiction,,,,
The Reformatory,Tananarive Due,BookTok,Alex,25-Mar,Black horror queen returns with fire,Viral Momentum,"Historical Horror, Speculative",No,Gallery,2023,432,Film,Black,"Incarceration, death",A wrongly accused boy’s ghost story in Jim Crow South,"Death / Grief, Medical / Institutional Abuse",Black / African,Horror,,,,
All the Sinners Bleed,S.A. Cosby,BookTok,Alex,25-Mar,Viral crime thriller with teeth,Viral Momentum,"Southern Noir, Mystery",No,Flatiron,2023,352,TV,Black,"Racism, violence",A Black sheriff investigates twisted killings in the South,"Racism / Discrimination, Violence",Black / African,Mystery / Thriller,,,,
Our Share of Night,Mariana Enríquez,BookTok,Alex,25-Mar,Occult horror with literary cred,Viral Momentum,"Horror, Occult, Grief",Yes,Hogarth,2023,608,Not Yet Considered,Latinx,"SA, blood rituals",A father protects his son from a cult — maybe,Sexual Violence / SA,Latinx,Horror,,Grief,,Grief
Hell Followed With Us,Andrew Joseph White,BookTok,Alex,25-Mar,Queer horror continues to trend,Queer / Identity-Based Discovery,"Dystopian Horror, YA, Queer Lit",No,Peachtree Teen,2022,416,Film,"Queer,Neurodiverse","Body horror, cults",Trans teen flees a bioweapon cult while mutating,"Religious Trauma / Cults, Sexual Content / Explicit Scenes","Neurodivergent, Queer Identity",Horror,,Queer Lit,,Queer Lit
When the Reckoning Comes,LaTanya McQueen,BookTok,Alex,25-Mar,Southern Gothic revenge horror,Other / Uncategorized,"Horror, Social Commentary",No,Harper Perennial,2021,240,Not Yet Considered,Black,"Racism, violence",A plantation-turned-wedding venue is still haunted,"Racism / Discrimination, Violence",Black / African,Horror,,,,
The Ballad of Perilous Graves,Alex Jennings,BookTok,Alex,25-Mar,Musical magic in alt-New Orleans,New Release Buzz,"Urban Fantasy, Afrofuturism",Yes,Redhook,2022,432,Not Yet Considered,Black,Surrealism,"Magic, music, and a song that can reshape worlds",Uncategorized,Black / African,Fantasy,,,,
The Luminous Dead,Caitlin Starling,BookTok,Alex,25-Mar,Claustrophobic queer sci-fi thriller,Queer / Identity-Based Discovery,"Sci-Fi, Horror, Survival",No,Harper Voyager,2019,432,Not Yet Considered,Queer,"Isolation, gaslighting",A solo cave expedition turns into psychological hell,Abuse (Emotional/Physical),Queer Identity,Science Fiction,,,,
And Then I Woke Up,Malcolm Devlin,BookTok,Alex,25-Mar,"Short, twisty speculative read",Other / Uncategorized,"Novella, Speculative, Psychological",No,Tor.com,2022,176,Film,,Mass hallucinations,"A virus rewrites reality, and nobody agrees on truth",Uncategorized,,Horror,,,Novella,Novella
Blood Like Magic,Liselle Sambury,BookTok,Alex,25-Mar,Magic meets moral dilemma,Viral Momentum,"YA Urban Fantasy, Queer Lit",Yes,Margaret K. McElderry,2021,496,Not Yet Considered,"Black,Queer",Family trauma,"To save your family, would you kill your first love?",Family Conflict / Trauma,"Black / African, Queer Identity",Fantasy,,Queer Lit,,Queer Lit
Tell Me I’m Worthless,Alison Rumfitt,BookTok,Alex,25-Mar,Trans horror still shocking BookTok,Series Momentum,"Horror, Queer Gothic",No,Cipher Press,2021,288,Film,Queer,"SA, fascism",A haunted house feeds on political trauma,"Sexual Violence / SA, War / Political Oppression",Queer Identity,Horror,,,,
"No Gods, No Monsters",Cadwell Turnbull,BookTok,Alex,25-Mar,Still trending with monster lovers,Viral Momentum,"Urban Fantasy, Speculative",Yes,Blackstone,2021,336,Film,"Black,Queer","Death, magic",Monsters go public — but the world isn’t ready,Death / Grief,"Black / African, Queer Identity",Fantasy,,,,
The Violence,Delilah S. Dawson,BookTok,Alex,25-Mar,Pandemic allegory in brutal form,Viral Momentum,"Speculative, Dystopian",No,Del Rey,2022,496,Film,,Women fight back with a virus that sparks rage,,Violence,,Speculative Fiction,,,,
The Blacktongue Thief,Christopher Buehlman,BookTok,Alex,25-Mar,Gritty fantasy with dark humor,Viral Momentum,"Fantasy, Adventure, Horror Elements",Yes,Tor,2021,416,Not Yet Considered,,"Violence, war","A thief, a witch, and a talking cat go on a mission","Violence, War / Political Oppression",,Fantasy,,,,
The Undetectables,Courtney Smyth,BookTok,Alex,25-Mar,Queer witches meet murder mystery,Queer / Identity-Based Discovery,"Queer Fantasy, Murder Mystery",Yes,Berkley,2024,384,TV,Queer,"Death, witches",Necromancers solving crimes and flirting,"Death / Grief, Supernatural Horror",Queer Identity,Fantasy,,,,
We Are Here,Graham Hurley,BookTok,Alex,25-Apr,Conspiracy + tech thriller resurges,Viral Momentum,"Thriller, Speculative Fiction",No,Indie,2024,352,Film,,Surveillance,Tech addiction meets social breakdown,Medical / Institutional Abuse,,Mystery / Thriller,,,,
The Upper World,Femi Fadugba,BookTok,Alex,25-Apr,Netflix adaptation buzz (Daniel Kaluuya),Adaptation / Movie Buzz,"Sci-Fi, Time Travel, YA",Yes,HarperTeen,2021,368,Film,Black,"Violence, trauma",A teen finds a physicist's note that changes time,Violence,Black / African,Science Fiction,,,,
The Rage of Dragons,Evan Winter,BookTok,Alex,25-Apr,Epic Black-led fantasy returns to feed,Viral Momentum,"Fantasy, War, Revenge",Yes,Orbit,2019,544,Not Yet Considered,Black,"Violence, trauma",One man's rage fuels a brutal quest in a divided empire,Violence,Black / African,Fantasy,,,,
The World Wasn’t Ready for You,Justin C. Key,BookTok,Alex,25-Apr,Stories w/ Black horror + sci-fi edge,Viral Momentum,"Speculative, Horror, Sci-Fi",No,Harper,2023,288,Not Yet Considered,Black,Medical trauma,Short stories at the intersection of race + tech,Medical / Institutional Abuse,Black / African,Science Fiction,,,,
The Trees,Percival Everett,BookTok,Alex,25-Apr,Surrealist racial horror resurges,Viral Momentum,"Satire, Horror, Literary Mystery",No,Graywolf,2021,308,Film,Black,"Racism, murder",Strange bodies pile up in the wake of a lynching,"Racism / Discrimination, Violence",Black / African,Horror,,Satire,,Satire
The Spite House,Johnny Compton,BookTok,Alex,25-Apr,Southern haunted house still trending,Viral Momentum,"Horror, Psychological",No,Tor Nightfire,2023,304,Not Yet Considered,Black,"Family trauma, death",What do you lose to escape your past?,"Death / Grief, Family Conflict / Trauma",Black / African,Horror,,,,
The Destroyer of Worlds,Matt Ruff,BookTok,Alex,25-Apr,A Lovecraft Country follow-up,Viral Momentum,"Speculative, Alt-History",Yes,Harper,2023,336,Not Yet Considered,Black,"Racism, supernatural horror",Monsters come in many forms — including human,"Racism / Discrimination, Supernatural Horror",Black / African,Historical Fiction,,,,
The Afrofuturist’s Dilemma,Sheree Renée Thomas,BookTok,Alex,25-Apr,Essay + story hybrid trending,Viral Momentum,"Afrofuturism, Essay Collection",No,Independent,2024,224,Not Yet Considered,Black,,Exploration of the politics + future of Black storytelling,,Black / African,Science Fiction,,,,
How to Live Safely in a Science Fictional Universe,Charles Yu,BookTok,Alex,25-Apr,Literary sci-fi time loop recirculates,Viral Momentum,"Sci-Fi, Literary, Time Travel",No,Pantheon,2010,256,Not Yet Considered,Asian-American,Time grief,A repair tech gets lost in his own memories,Death / Grief,Asian / South Asian,Science Fiction,,,,
Babel,R.F. Kuang,BookTok,Alex,25-Apr,BookTok rereads post-2022 hype,Series Momentum,"Dark Academia, Alt-History, Speculative",No,Harper Voyager,2022,560,TV,Multiracial Cast,"Colonialism, death",Language is power — and blood is the price,"Death / Grief, Racism / Discrimination",Ethnic & Cultural Identity,Historical Fiction,,Dark Academia,,Dark Academia
Jackal,Erin E. Adams,BookTok,Alex,25-Apr,Black horror debut back on trend,Viral Momentum,"Horror, Thriller, Mystery",No,Bantam,2022,304,TV,Black,"Missing children, racism",A woman returns to her hometown — and its secrets,Racism / Discrimination,Black / African,Horror,,,,
A Master of Djinn,P. Djèlí Clark,BookTok,Alex,25-Apr,Alt-history steampunk with African rep,Viral Momentum,"Fantasy, Mystery, Historical",Yes,Tor,2021,400,Not Yet Considered,Black,Murder mystery,"In 1912 Cairo, magic meets detectives",Violence,Black / African,Fantasy,,,,
Build Your House Around My Body,Violet Kupersmith,BookTok,Alex,25-Apr,Literary horror with Vietnamese folklore,Viral Momentum,"Horror, Spec Fic, Historical",No,Random House,2021,400,Not Yet Considered,Southeast Asian,"Possession, cultural hauntings","Women vanish, bodies shift, myths return","Religious Trauma / Cults, Supernatural Horror",Asian / South Asian,Horror,,,,
American War,Omar El Akkad,BookTok,Alex,25-Apr,Near-future war fiction resurges,Viral Momentum,"Speculative, Dystopian, War",No,Vintage,2017,352,TV,,Political violence,A second Civil War — and one girl caught in it,"Violence, War / Political Oppression",,Speculative Fiction,,,,
The Other Black Girl,Zakiya Dalila Harris,BookTok,Alex,25-Apr,Satirical horror of office politics,Viral Momentum,"Thriller, Horror, Social Commentary",No,Atria,2021,368,TV,Black,"Gaslighting, racism","Publishing, power, and paranoia","Abuse (Emotional/Physical), Racism / Discrimination",Black / African,Horror,,,,
Chain-Gang All-Stars,Nana Kwame Adjei-Brenyah,BookTok,Alex,25-May,Dystopian arena justice back on trend,Viral Momentum,"Speculative, Dystopian, Thriller",No,Pantheon,2023,384,Not Yet Considered,Black,"Violence, carceral system",Inmates compete for freedom in a brutal system,Violence,Black / African,Mystery / Thriller,,,,
Blood Debts,Terry J. Benton-Walker,BookTok,Alex,25-May,Magic + family + revenge in New Orleans,New Release Buzz,"Fantasy, Urban Fantasy, YA",Yes,Tor Teen,2023,416,Film,"Black,Queer","Family trauma, dark magic",Twins unlock generational curses,Family Conflict / Trauma,"Black / African, Queer Identity",Fantasy,,,,
My Monticello,Jocelyn Nicole Johnson,BookTok,Alex,25-May,Post-racial collapse novella trending again,Viral Momentum,"Dystopian, Short Stories",No,Henry Holt,2021,224,Not Yet Considered,Black,"White supremacy, survival",A group of neighbors take refuge at Monticello,Racism / Discrimination,Black / African,Speculative Fiction,,,Anthology,Anthology
Symphony of Secrets,Brendan Slocumb,BookTok,Alex,25-May,Music + mystery + historical injustice,Viral Momentum,"Mystery, Historical, Music Lit",No,Anchor,2023,352,Not Yet Considered,Black,"Racism, plagiarism",A conductor uncovers the Black genius behind a symphony,Racism / Discrimination,Black / African,Mystery / Thriller,,,,
Friday Black,Nana Kwame Adjei-Brenyah,BookTok,Alex,25-May,Short stories with sharp dystopian satire,Viral Momentum,"Dystopian, Satire, Speculative",No,Mariner,2018,208,Film,Black,"Violence, racism",Retail workers in a hyper-capitalist hell,"Racism / Discrimination, Violence",Black / African,Speculative Fiction,,Satire,,Satire
The Free People’s Village,Sim Kern,BookTok,Alex,25-May,"Alt-history, queer uprisings, climate themes",Queer / Identity-Based Discovery,"Speculative, Political",No,Levine Querido,2023,304,Not Yet Considered,"Queer,Bipoc","Climate crisis, gentrification",Imagining liberation in a crumbling U.S.,Classism / Poverty,Queer Identity,Speculative Fiction,,Political,,Political
"No Gods, No Monsters",Cadwell Turnbull,BookTok,Alex,25-May,Monsters-as-metaphor for systemic violence,Viral Momentum,"Speculative, Horror",Yes,Blackstone,2021,384,Film,"Black,Queer","Violence, trauma",A secret society of monsters emerges,Violence,"Black / African, Queer Identity",Horror,,,,
Invisible Things,Mat Johnson,BookTok,Alex,25-May,Political satire w/ aliens + mind control,Viral Momentum,"Sci-Fi, Satire",No,One World,2022,304,Film,Black,Government control,A Black sociologist uncovers truth on a moon colony,Uncategorized,Black / African,Science Fiction,,Satire,,Satire
The Conjure-Man Dies,Rudolph Fisher,BookTok,Alex,25-May,First Black detective novel resurges,Viral Momentum,"Mystery, Historical, Harlem Renaissance",No,Reissue,1932,240,Not Yet Considered,Black,Murder mystery,Harlem’s conjure-man is dead—who did it?,Violence,Black / African,Mystery / Thriller,,,,
Lakewood,Megan Giddings,BookTok,Alex,25-May,Experimental horror resurfaces,Viral Momentum,"Horror, Speculative",No,Amistad,2020,304,Film,Black,Medical abuse,What happens when Black bodies are studied in secret?,"Abuse (Emotional/Physical), Medical / Institutional Abuse",Black / African,Horror,,,,
They Come at Knight,Yasmin Angoe,BookTok,Alex,25-May,Assassin thriller returns to BookTok,Series Momentum,"Thriller, Suspense",Yes,Thomas & Mercer,2022,352,Not Yet Considered,Black,"Death, espionage",Elite Ghanaian-American assassin vs global syndicate,Death / Grief,Black / African,Mystery / Thriller,,,,
The Gilda Stories,Jewelle Gomez,BookTok,Alex,25-May,Queer Black vampire feminist classic resurfaces,Queer / Identity-Based Discovery,"Speculative, Horror, Queer Lit",Yes,City Lights,1991,288,Not Yet Considered,"Queer,Black","Immortality, racism",A vampire thrives through centuries of survival,Racism / Discrimination,"Black / African, Queer Identity",Horror,,Queer Lit,,Queer Lit
Blacktop Wasteland,S.A. Cosby,BookTok,Alex,25-May,Southern noir resurgence,Viral Momentum,"Thriller, Crime",Yes,Flatiron,2020,304,Not Yet Considered,Black,"Violence, poverty",A getaway driver is pulled back in,"Classism / Poverty, Violence",Black / African,Mystery / Thriller,,,,
The Memory Librarian,Janelle Monáe,BookTok,Alex,25-May,Queer Afrofuturist anthology still trending,Queer / Identity-Based Discovery,"Sci-Fi, Short Stories",No,Harper Voyager,2022,336,Not Yet Considered,"Queer,Black","Surveillance, identity",Tales from the Dirty Computer universe,Medical / Institutional Abuse,"Black / African, Queer Identity",Science Fiction,,,Anthology,Anthology
The Water Knife,Paolo Bacigalupi,BookTok,Alex,25-May,Climate sci-fi spikes with summer,Viral Momentum,"Sci-Fi, Dystopian, Thriller",No,Vintage,2015,384,Film,,,,,,Science Fiction,,,,
The Berry Pickers,Amanda Peters,BookTok,Linda,25-Jan,Quiet rise through book clubs,Series Momentum,"Historical Fiction, Family Drama",No,Catapult,2023,320,Not Yet Considered,Indigenous,Child disappearance,"A Mi’kmaq girl vanishes, echoing through decades",Sexual Violence / SA,Indigenous,Historical Fiction,,,,
The Mystery Guest,Nita Prose,BookTok,Linda,25-Jan,Cozy sequel to The Maid trending,Series Momentum,"Cozy Mystery, Humor",Yes,Ballantine,2023,304,Film,Neurodiverse,"Death, light tension",Molly the maid is back — and the hotel’s in trouble,Death / Grief,Neurodivergent,Mystery / Thriller,,,,
The Paris Library,Janet Skeslien Charles,BookTok,Linda,25-Jan,WWII book club fave resurging,Series Momentum,"Historical Fiction, WWII, Literary",No,Atria,2021,368,Not Yet Considered,,"War, loss",Real-life librarians risked it all in Nazi-occupied Paris,"Death / Grief, War / Political Oppression",,Historical Fiction,,,,
The London Séance Society,Sarah Penner,BookTok,Linda,25-Jan,Gothic mystery w/ female leads,Other / Uncategorized,"Historical Mystery, Occult",No,Park Row,2023,368,Not Yet Considered,,Murder,A spiritualist & a skeptic investigate a suspicious death,Violence,,Mystery / Thriller,,,,
Killers of a Certain Age,Deanna Raybourn,BookTok,Linda,25-Jan,Cozy thriller with sass,Viral Momentum,"Cozy Mystery, Suspense",No,Berkley,2022,368,Not Yet Considered,Aging,Violence,Four retired female assassins strike back,Violence,Disability / Illness,Mystery / Thriller,,,,
The Thursday Murder Club,Richard Osman,BookTok,Linda,25-Jan,Cozy classic stays evergreen,Classic Revisit / Reread Trend,"Cozy Mystery, Humor",Yes,Viking,2020,368,Film,Aging,"Murder, mischief",Senior sleuths solve cold cases in a retirement village,Violence,Disability / Illness,Mystery / Thriller,,,,
Remarkably Bright Creatures,Shelby Van Pelt,BookTok,Linda,25-Jan,Quiet fiction with animal wisdom,Viral Momentum,"Literary Fiction, Found Family",No,Ecco,2022,368,Film,,Grief,"An octopus, a widow, and a missing boy",Death / Grief,,Uncategorized,,Found Family,,Found Family
The Little Wartime Library,Kate Thompson,BookTok,Linda,25-Jan,WWII book club darling resurges,Series Momentum,"Historical Fiction, Librarian Vibes",No,Grand Central,2022,432,Not Yet Considered,,"Bombings, grief",A secret library built underground during the Blitz,Death / Grief,,Historical Fiction,,,,
Vera Wong's Unsolicited Advice for Murderers,Jesse Q. Sutanto,BookTok,Linda,25-Jan,Cozy murder mystery + tea shop,Viral Momentum,"Cozy Mystery, Humor",No,Berkley,2023,368,Not Yet Considered,,A meddling tea shop owner solves a murder — her way,,Violence,,Mystery / Thriller,,,,
The Housekeepers,Alex Hay,BookTok,Linda,25-Jan,Feminist Ocean’s 8 in Edwardian London,Viral Momentum,"Historical Fiction, Heist",No,Graydon House,2023,352,Film,,Class tension,The maids steal from the lords — perfectly,Uncategorized,,Historical Fiction,,,,
The Mitford Affair,Marie Benedict,BookTok,Linda,25-Jan,Literary historical sister drama,Viral Momentum,"Historical Fiction, Real People",No,Sourcebooks,2023,352,Not Yet Considered,,Fascism,"Three sisters, one scandalous loyalty to Hitler",War / Political Oppression,,Historical Fiction,,,,
A Death in Door County,Annelise Ryan,BookTok,Linda,25-Jan,Cozy Midwest cryptid murder mystery,Viral Momentum,"Cozy Mystery, Folklore",Yes,Berkley,2022,352,Not Yet Considered,,"Mythical creatures, murder",A bookstore owner + death investigator track a lake monster,Violence,,Mystery / Thriller,,,,
The Bookbinder,Pip Williams,BookTok,Linda,25-Jan,Gentle historical fiction + academia,Viral Momentum,"Historical, Literary",No,Ballantine,2022,416,In Dev,,"Gender, education limits",A poor girl binds books for Oxford’s elite,Uncategorized,,Historical Fiction,,,,
The Librarian of Burned Books,Brianna Labuskes,BookTok,Linda,25-Jan,Book ban themes + WWII backdrop,Series Momentum,"Historical Fiction, Resistance",No,William Morrow,2023,384,Not Yet Considered,Jewish,Nazi regime,Female librarians defend banned books,War / Political Oppression,Ethnic & Cultural Identity,Historical Fiction,,"Oppression / Resistance, Political",,"Oppression / Resistance, Political"
West Heart Kill,Dann McDorman,BookTok,Linda,25-Jan,Meta mystery for Agatha Christie fans,Viral Momentum,"Mystery, Literary",No,Knopf,2023,304,Not Yet Considered,,Murder,A tongue-in-cheek locked room mystery with footnotes,Violence,,Mystery / Thriller,,,,
The Secret Book of Flora Lea,Patti Callahan Henry,BookTok,Linda,25-Feb,WWII sister mystery gains traction,Viral Momentum,"Historical Fiction, Mystery",No,Atria,2023,368,Not Yet Considered,,"War, loss",Sisters separated during war by a secret fairytale,"Death / Grief, War / Political Oppression",,Mystery / Thriller,,,,
Mrs. Plansky’s Revenge,Spencer Quinn,BookTok,Linda,25-Feb,Older female protagonist & cozy crime,Viral Momentum,"Cozy Mystery, Humor",Yes,Forge,2023,320,Not Yet Considered,Aging,"Fraud, mild peril",A grandmother takes on identity thieves,Uncategorized,Disability / Illness,Mystery / Thriller,,,,
The Lost Apothecary,Sarah Penner,BookTok,Linda,25-Feb,Book club favorite still trending,Series Momentum,"Historical Mystery, Feminist Fiction",No,Park Row,2021,320,Not Yet Considered,,Murder,A secret apothecary helps women kill their oppressors,Violence,,Mystery / Thriller,,Feminist Lit,,Feminist Lit
The Maid,Nita Prose,BookTok,Linda,25-Feb,Original cozy heroine resurging with sequel,Series Momentum,"Cozy Mystery, Humor",Yes,Ballantine,2022,304,Film,Neurodiverse,"Death, awkward social moments",Molly the maid stumbles into a murder at work,"Death / Grief, War / Political Oppression",Neurodivergent,Mystery / Thriller,,,,
The Bandit Queens,Parini Shroff,BookTok,Linda,25-Feb,Feminist dark comedy with heart,Viral Momentum,"Literary Fiction, Mystery, Humor",No,Ballantine,2023,352,Film,,Women in India team up to fake one husband’s death,,Death / Grief,,Mystery / Thriller,,,,
The Rose Code,Kate Quinn,BookTok,Linda,25-Feb,Historical fiction + secret code girls,Viral Momentum,"Historical, Spy Fiction",No,William Morrow,2021,656,Film,,"War, betrayal",Female codebreakers face love + espionage,War / Political Oppression,,Historical Fiction,,,,
A Quiet Life,Ethan Joella,BookTok,Linda,25-Feb,Gentle grief fiction rising again,Emotional / Trauma Themes,"Literary Fiction, Contemporary",No,Scribner,2022,288,Film,,Grief,Three people carry quiet losses through one snowy winter,Death / Grief,,Contemporary Fiction,,,,
The Book Charmer,Karen Hawkins,BookTok,Linda,25-Feb,Bookstore + magic = cozy win,Series Momentum,"Magical Realism, Women’s Fiction",Yes,Gallery,2019,368,Not Yet Considered,,Loss,A librarian’s books whisper to her… literally,Death / Grief,,Fantasy,,,,
The Wishing Game,Meg Shaffer,BookTok,Linda,25-Feb,Literary Willy Wonka vibe goes viral,Viral Momentum,"Contemporary Fiction, Light Fantasy",No,Ballantine,2023,304,Not Yet Considered,,"Adoption, hardship",A reclusive author invites fans to a secret contest,Family Conflict / Trauma,,Fantasy,,,,
The House in the Cerulean Sea,TJ Klune,BookTok,Linda,25-Feb,Wholesome fantasy still thriving,Viral Momentum,"Fantasy, Found Family",No,Tor,2020,400,Not Yet Considered,Queer,Orphanage setting,A caseworker visits magical misfits — and softens,Uncategorized,Queer Identity,Fantasy,,Found Family,,Found Family
The Love Scribe,Amy Meyerson,BookTok,Linda,25-Feb,Magical realist romance trending,Viral Momentum,"Magical Realism, Contemporary",No,Park Row,2023,352,Not Yet Considered,,,A woman writes letters that cause people to fall in love,,,Fantasy,,,,
When the Moon Turns Blue,Pamela Terry,BookTok,Linda,25-Feb,Southern fiction with generational drama,Viral Momentum,"Literary Fiction, Historical",No,Ballantine,2024,384,Not Yet Considered,,Family tension,Secrets of the past resurface after a matriarch’s death,Uncategorized,,Historical Fiction,,,,
It Ends at Midnight,Harriet Tyce,BookTok,Linda,25-Feb,Legal thriller with slow-burn tension,Viral Momentum,"Legal Thriller, Women’s Fiction",No,Grand Central,2022,352,Not Yet Considered,,"Death, legal cases",Friends unravel in a courtroom twist ending,Death / Grief,,Mystery / Thriller,,,,
The Last Bookshop in London,Madeline Martin,BookTok,Linda,25-Feb,Book club WWII staple,Series Momentum,"Historical Fiction, Bookshop Lit",No,Hanover Square,2021,320,Not Yet Considered,,Bombing,A woman saves lives and books during the Blitz,Uncategorized,,Historical Fiction,,,,
The Cracked Spine,Paige Shelton,BookTok,Linda,25-Feb,Scottish bookshop + murder = cozy,Series Momentum,"Cozy Mystery, Books",Yes,Minotaur,2016,304,Not Yet Considered,,Light murder,A curious bookseller stumbles into Edinburgh’s secrets,Violence,,Mystery / Thriller,,,,
The Lost and Found Bookshop,Susan Wiggs,BookTok,Linda,25-Mar,BookTok re-hype on comfort reads,Series Momentum,"Women’s Fiction, Family",No,William Morrow,2020,368,Not Yet Considered,,"Inheritance, grief",A woman inherits her mother’s bookshop and its secrets,"Death / Grief, Family Conflict / Trauma",,Uncategorized,,,,
The Book Woman of Troublesome Creek,Kim Michele Richardson,BookTok,Linda,25-Mar,Blue-skinned heroine’s legacy trending again,Viral Momentum,"Historical Fiction, Appalachia",Yes,Sourcebooks,2019,320,Not Yet Considered,,"Racism, isolation",A Depression-era woman delivers books on horseback,Racism / Discrimination,,Historical Fiction,,,,
The Reading List,Sara Nisha Adams,BookTok,Linda,25-Mar,Cross-generational library joy,Viral Momentum,"Literary Fiction, Found Family",No,Harper,2021,384,Film,South Asian,"Grief, loneliness",A shared book list transforms strangers into companions,Death / Grief,Asian / South Asian,Uncategorized,,Found Family,,Found Family
"The Secret, Book & Scone Society",Ellery Adams,BookTok,Linda,25-Mar,Cozy mystery + bakery + trauma healing,Emotional / Trauma Themes,"Cozy Mystery, Women’s Fiction",Yes,Kensington,2017,304,Not Yet Considered,,"Abuse, friendship",A secretive woman joins a bibliotherapy book club,Abuse (Emotional/Physical),,Mystery / Thriller,,,,
Someone Else’s Shoes,Jojo Moyes,BookTok,Linda,25-Mar,Humor + midlife shake-up vibes,Viral Momentum,"Contemporary Fiction, Humor",No,Pamela Dorman Books,2023,432,Not Yet Considered,,"Divorce, stress",Two women accidentally swap lives — and find freedom,Uncategorized,,Contemporary Fiction,,,,
The Garden of Small Beginnings,Abbi Waxman,BookTok,Linda,25-Mar,Gardening + healing = cozy vibe,Viral Momentum,"Women’s Fiction, Humor",No,Berkley,2017,368,Not Yet Considered,,Widowhood,A mom rediscovers joy through dirt and vegetables,Death / Grief,,Uncategorized,,,,
Death at the Chateau Bremont,M.L. Longworth,BookTok,Linda,25-Mar,French countryside mystery resurging,Viral Momentum,"Cozy Mystery, Travel Lit",Yes,Penguin,2011,320,Not Yet Considered,,"Death, food","Provence, pastries, and a local death",Death / Grief,,Mystery / Thriller,,,,
The Guncle,Steven Rowley,BookTok,Linda,25-Mar,Wholesome grief comedy still strong,Emotional / Trauma Themes,"Contemporary, Found Family",No,Putnam,2021,336,Film,Queer,"Loss, guardianship",A gay uncle cares for two kids after tragedy,Death / Grief,Queer Identity,Contemporary Fiction,,Found Family,,Found Family
Finlay Donovan Is Killing It,Elle Cosimano,BookTok,Linda,25-Mar,Accidental assassin still going viral,Viral Momentum,"Cozy Thriller, Comedy",Yes,Minotaur,2021,368,Not Yet Considered,,"Murder, dark humor",A mom is mistaken for a hitwoman — and plays along,Violence,,Mystery / Thriller,,,,
The Storyteller’s Secret,Sejal Badani,BookTok,Linda,25-Mar,Historical India + family secrets,Viral Momentum,"Historical Fiction, Women’s Fiction",No,Lake Union,2018,390,Not Yet Considered,South Asian,Trauma,A New York woman discovers her mother’s hidden legacy,Uncategorized,Asian / South Asian,Historical Fiction,,,,
Meet Me at the Museum,Anne Youngson,BookTok,Linda,25-Mar,Quiet letter-writing novel trending,Viral Momentum,"Literary, Epistolary, Contemporary",No,Flatiron,2019,272,Not Yet Considered,,Grief,A farmer’s wife and museum curator trade letters and truths,Death / Grief,,Contemporary Fiction,,,Epistolary,Epistolary
The Marlow Murder Club,Robert Thorogood,BookTok,Linda,25-Mar,New cozy mystery buzz,New Release Buzz,"Cozy Mystery, Humor",Yes,Poisoned Pen,2023,336,TV,,"Death, comedy",Three older women solve crimes for fun,Death / Grief,,Mystery / Thriller,,,,
A Quiet Life in the Country,T.E. Kinsey,BookTok,Linda,25-Mar,Lady sleuths with Downton Abbey vibes,Viral Momentum,"Cozy Mystery, Historical",Yes,Thomas & Mercer,2016,296,TV,,Light murder,"1900s Britain, tea, gossip, and solving murders",Violence,,Mystery / Thriller,,,,
The Alice Network,Kate Quinn,BookTok,Linda,25-Mar,Dual timeline war fiction surging again,Viral Momentum,"Historical Fiction, Spy Lit",No,William Morrow,2017,528,Not Yet Considered,,"SA, war",Female spies during WWI and WWII,"Sexual Violence / SA, War / Political Oppression",,Historical Fiction,,,,
Before We Were Strangers,Renée Carlino,BookTok,Linda,25-Mar,Romance + second chances trending,Viral Momentum,"Romance, Women’s Fiction",No,Atria,2015,320,Not Yet Considered,,Longing,Two people reconnect after years apart,Uncategorized,,Romance,,,,
The Women,Kristin Hannah,BookTok,Linda,25-Apr,"Major book club hit, still trending",Series Momentum,"Historical Fiction, War, Feminist Lit",No,St. Martin’s Press,2024,480,Film,,"War, sexism",A female combat nurse in Vietnam fights to be heard,War / Political Oppression,,Historical Fiction,,Feminist Lit,,Feminist Lit
The Keeper of Hidden Books,Madeline Martin,BookTok,Linda,25-Apr,Bookstores + resistance = big hit,Series Momentum,"Historical Fiction, WWII",No,Hanover Square Press,2023,400,Not Yet Considered,Jewish,Nazi regime,A girl in Warsaw fights back with books,War / Political Oppression,Ethnic & Cultural Identity,Historical Fiction,,,,
The Mostly True Story of Tanner & Louise,Colleen Oakley,BookTok,Linda,25-Apr,Odd-couple road trip surging in cozy circles,Viral Momentum,"Contemporary Fiction, Humor",No,Berkley,2023,352,Not Yet Considered,Aging,,A grandma may (or may not) be a jewel thief,,Disability / Illness,Contemporary Fiction,,,,
The Last Lifeboat,Hazel Gaynor,BookTok,Linda,25-Apr,Heart-tugging WWII survival tale resurging,Viral Momentum,"Historical Fiction, Maritime",No,William Morrow,2023,400,Not Yet Considered,,"War, loss",Two women try to protect children across the Atlantic,"Death / Grief, War / Political Oppression",,Historical Fiction,,,,
The Second Life of Mirielle West,Amanda Skenandore,BookTok,Linda,25-Apr,Lesser-known historical gem trending,Viral Momentum,"Historical Fiction, Medical",No,Kensington,2021,368,Not Yet Considered,,"Leprosy, isolation",A socialite is exiled to a leper colony in 1920s Louisiana,Uncategorized,,Historical Fiction,,,,
The Widows of Champagne,Renée Ryan,BookTok,Linda,25-Apr,WWII vineyard family drama trending again,Viral Momentum,"Historical Fiction, Family Saga",No,Love Inspired,2021,352,Not Yet Considered,,"War, death",A French family hides Jewish refugees — and their legacy,"Death / Grief, War / Political Oppression",,Historical Fiction,,,,
Fifty Words for Rain,Asha Lemmie,BookTok,Linda,25-Apr,Literary tearjerker resurges,Viral Momentum,"Historical Fiction, Coming of Age",No,Dutton,2020,464,Not Yet Considered,Multiracial,"Abuse, racism",A biracial girl is cast out in postwar Japan,"Abuse (Emotional/Physical), Racism / Discrimination",Ethnic & Cultural Identity,Historical Fiction,,,,
Eliza Starts a Rumor,Jane L. Rosen,BookTok,Linda,25-Apr,Suburban drama + redemption arc,Viral Momentum,"Contemporary, Women’s Fiction",No,Berkley,2020,352,Not Yet Considered,,Marital issues,A rumor rocks a mom group — and changes lives,Uncategorized,,Contemporary Fiction,,,,
Florence Adler Swims Forever,Rachel Beanland,BookTok,Linda,25-Apr,Secret-keeping family drama resurging,Viral Momentum,"Historical Fiction, Jewish Fiction",No,Simon & Schuster,2020,320,Not Yet Considered,Jewish,"Grief, tragedy",A family hides a daughter’s death from her pregnant sister,Death / Grief,Ethnic & Cultural Identity,Historical Fiction,,,,
A Man Called Ove,Fredrik Backman,BookTok,Linda,25-Apr,Wholesome grump-to-softie staple,Viral Momentum,"Contemporary, Found Family",Yes,Atria,2012,337,Film,Swedish,Suicide ideation,A cranky old man is reluctantly pulled into community,"Death / Grief, Mental Health",Ethnic & Cultural Identity,Contemporary Fiction,,Found Family,,Found Family
The Secret Keeper,Kate Morton,BookTok,Linda,25-Apr,Literary suspense with a WWII twist,Viral Momentum,"Historical Fiction, Mystery",No,Atria,2012,484,Film,,"Secrets, war",A daughter uncovers her mother’s hidden past,War / Political Oppression,,Mystery / Thriller,,,,
The Light Between Oceans,M.L. Stedman,BookTok,Linda,25-Apr,Heartbreaking historical drama resurging,Viral Momentum,"Historical Fiction, Romance",No,Scribner,2012,343,Film,,Child loss,A lighthouse keeper and wife keep a baby that isn't theirs,Death / Grief,,Romance,,,,
The Authenticity Project,Clare Pooley,BookTok,Linda,25-Apr,Feel-good novel about honesty + connection,Viral Momentum,"Contemporary Fiction, Feel-Good",No,Pamela Dorman Books,2020,368,Not Yet Considered,,"Addiction, loneliness",Strangers share their truths in a green notebook,Addiction / Substance Use,,Contemporary Fiction,,,,
The Reading List,Sara Nisha Adams,BookTok,Linda,25-Apr,Still trending — multigen friendship vibe,Viral Momentum,"Contemporary Fiction, Found Family",No,Harper,2021,384,Film,South Asian,"Grief, depression",Books connect a grieving widower and lonely teen,"Death / Grief, Mental Health",Asian / South Asian,Contemporary Fiction,,Found Family,,Found Family
The Sweeney Sisters,Lian Dolan,BookTok,Linda,25-Apr,Sisterhood + literary scandal resurging,Viral Momentum,"Contemporary Fiction, Family Drama",No,William Morrow,2020,304,Not Yet Considered,,"Loss, secrets",Three sisters learn they had a secret sibling,Death / Grief,,Contemporary Fiction,,,,
The Giver of Stars,Jojo Moyes,BookTok,Linda,25-May,Depression-era horseback librarians trending again,Viral Momentum,"Historical Fiction, Women’s Fiction",No,Pamela Dorman Books,2019,400,Film,,Gender inequality,Five women form a mobile library in rural Kentucky,Uncategorized,,Historical Fiction,,,,
The Secret Life of Violet Grant,Beatriz Williams,BookTok,Linda,25-May,Dual timeline historical drama resurging,Viral Momentum,"Historical Fiction, Romance, Mystery",No,Berkley,2014,432,Not Yet Considered,,"Infidelity, sexism",A young journalist uncovers a family scandal,Uncategorized,,Romance,,,,
Mrs. Everything,Jennifer Weiner,BookTok,Linda,25-May,Big publishing staple continues trending,Viral Momentum,"Literary Fiction, Feminist",No,Atria,2019,480,Film,Jewish,"SA, abuse",Two sisters navigate decades of social change,"Abuse (Emotional/Physical), Sexual Violence / SA",Ethnic & Cultural Identity,Uncategorized,,Feminist Lit,,Feminist Lit
Murder in an Irish Village,Carlene O’Connor,BookTok,Linda,25-May,Cozy small-town mystery goes viral,Viral Momentum,"Cozy Mystery, Irish Fiction",Yes,Kensington,2016,304,Not Yet Considered,Irish,Death,A bickering sibling duo solves a local murder,Death / Grief,Ethnic & Cultural Identity,Mystery / Thriller,,,,
The Chicken Sisters,KJ Dell’Antonia,BookTok,Linda,25-May,Family drama + fried chicken feud = viral,Viral Momentum,"Contemporary Fiction, Humor",No,Berkley,2020,352,TV,,Family tension,Two sisters battle for their chicken joint on reality TV,Uncategorized,,Contemporary Fiction,,,,
The Librarian of Auschwitz,Antonio Iturbe,BookTok,Linda,25-May,Heartbreaking WWII true story resurging,Viral Momentum,"Historical Fiction, Holocaust Lit",No,Henry Holt,2017,432,Not Yet Considered,Jewish,"War, death, trauma",A young girl preserves books in a concentration camp,"Death / Grief, War / Political Oppression",Ethnic & Cultural Identity,Historical Fiction,,,,
The Bookshop on the Corner,Jenny Colgan,BookTok,Linda,25-May,Scottish romance + book van goes viral,Series Momentum,"Contemporary Romance, Bookshop Lit",Yes,Harper,2016,368,Not Yet Considered,,Mild romance,A woman restarts life by opening a bookshop in the Highlands,Uncategorized,,Romance,,,,
The Two Lives of Lydia Bird,Josie Silver,BookTok,Linda,25-May,Sad but cozy romance novel resurging,Viral Momentum,"Contemporary Romance, Magical Realism",No,Ballantine,2020,400,Not Yet Considered,,"Grief, loss",A grieving woman wakes up in a parallel life where he lived,Death / Grief,,Fantasy,,,,
Evvie Drake Starts Over,Linda Holmes,BookTok,Linda,25-May,NPR-backed feel-good romance resurges,Viral Momentum,"Contemporary Fiction, Romance",No,Ballantine,2019,304,Not Yet Considered,,"Widowhood, life transitions",A reclusive widow rents out space to a failing MLB pitcher,Death / Grief,,Romance,,,,
The Housemaid,Freida McFadden,BookTok,Linda,25-May,Thriller-lite readers dipping into BookTok buzz,Series Momentum,"Domestic Suspense, Thriller",Yes,Bookouture,2022,336,Film,,"Gaslighting, twists",A maid uncovers her employer’s deadly secrets,Abuse (Emotional/Physical),,Mystery / Thriller,,,,
The Cloisters,Katy Hays,BookTok,Linda,25-May,Dark academia lite + tarot + book club friendly,Series Momentum,"Literary Mystery, Speculative",No,Atria,2022,320,Film,,Occult imagery,An intern uncovers a sinister deck of cards at a museum,"Religious Trauma / Cults, Supernatural Horror",,Mystery / Thriller,,,,
The Summer Book,Tove Jansson,BookTok,Linda,25-May,Classic Scandinavian cozy literature resurges,Classic Revisit / Reread Trend,"Literary Fiction, Slice of Life",No,NYRB Classics,1972,184,Film,Finnish,"Aging, family",A grandmother and granddaughter wander a summer island,Uncategorized,Ethnic & Cultural Identity,Contemporary Fiction,,,,
The Secrets We Kept,Lara Prescott,BookTok,Linda,25-May,Cold War female spy story resurging,Viral Momentum,"Historical Fiction, Espionage",No,Knopf,2019,368,Film,,"Torture, propaganda",CIA women smuggle Doctor Zhivago out of Russia,Uncategorized,,Historical Fiction,,,,
A Single Thread,Tracy Chevalier,BookTok,Linda,25-May,Crafting + independence = quiet trend,Viral Momentum,"Historical Fiction, Women's Lit",No,Viking,2019,336,Not Yet Considered,,"Grief, societal pressure",A single woman finds purpose in cathedral embroidery,Death / Grief,,Historical Fiction,,,,
The Mitford Scandal,Jessica Fellowes,BookTok,Linda,25-May,Royal-adjacent cozy murder mystery resurging,Viral Momentum,"Historical Mystery, British Society",Yes,Minotaur,2020,384,Not Yet Considered,,"Classism, death",One of the famous Mitford sisters gets caught in a murder,"Classism / Poverty, Death / Grief",,Mystery / Thriller,,,,
Juliet Takes a Breath (Graphic Novel),"Gabby Rivera, Celia Moscote",BookTok,Toni,25-Jan,Queer Latinx classic re-trending in graphic form,Queer / Identity-Based Discovery,"Graphic Novel, Queer Coming of Age",No,BOOM! Studios,2019,180,Not Yet Considered,"Latina,Queer","Identity, racism",Bronx-born Juliet finds herself (and queerness) in Portland,Racism / Discrimination,"Latinx, Queer Identity",Graphic Works,,,Graphic Novel,Graphic Novel
The Memory Librarian,Janelle Monáe et al.,BookTok,Toni,25-Jan,Still trending in soft alt queer circles,Queer / Identity-Based Discovery,"Speculative Fiction, Short Stories",No,Harper Voyager,2022,336,Not Yet Considered,,Afrofuturist short stories set in Monáe’s Dirty Computer world,,Uncategorized,,Speculative Fiction,,,Anthology,Anthology
Each of Us a Desert,Mark Oshiro,BookTok,Toni,25-Jan,Queer magical realism resurging,Queer / Identity-Based Discovery,"Magical Realism, Queer SFF",No,Tor Teen,2020,416,Not Yet Considered,"Queer,Latinx","Grief, isolation",A girl wanders deserts and memory with a heavy soul,Death / Grief,"Latinx, Queer Identity",Fantasy,,,,
Boys Weekend,Mattie Lubchansky,BookTok,Toni,25-Jan,Fever dream graphic novel surging in alt queer spaces,Queer / Identity-Based Discovery,"Graphic Novel, Satire, Trans Lit",No,Pantheon,2023,208,TV,,A trans bachelorette weekend spirals into dystopia,,Uncategorized,,Graphic Works,,Satire,Graphic Novel,"Graphic Novel, Satire"
Cemetery Boys,Aiden Thomas,BookTok,Toni,25-Jan,Latinx trans romance continues trending,Viral Momentum,"YA, Paranormal, Romance",No,Swoon Reads,2020,352,Not Yet Considered,"Trans,Latinx","Death, grief",A boy summons a ghost… and falls in love with him,Death / Grief,"Gender Identity, Latinx",Romance,,,,
The Magic Fish,Trung Le Nguyen,BookTok,Toni,25-Jan,Heartbreaking queer fairytale GN still viral,Queer / Identity-Based Discovery,"Graphic Novel, Coming of Age",No,Random House,2020,256,Film,,"A Vietnamese boy navigates family, love, and fairytales",,Uncategorized,,Graphic Works,,,Graphic Novel,Graphic Novel
Gods of Want,K-Ming Chang,BookTok,Toni,25-Jan,Bizarre short fiction trending again,Viral Momentum,"Magical Realism, Queer, Speculative",No,One World,2022,224,Film,,Lyrical stories that slip between myth and queerness,,Uncategorized,,Fantasy,,,,
The Daughters of Nri,Reni K. Amayo,BookTok,Toni,25-Jan,African mythology + queer energy resurging,Queer / Identity-Based Discovery,"Fantasy, Mythic SFF",Yes,Onwe,2019,400,Not Yet Considered,Black,"Violence, war",Twin goddesses rediscover magic in precolonial Africa,"Violence, War / Political Oppression",Black / African,Fantasy,,,,
A Hundred Vicious Turns,Lee Paige O’Brien,BookTok,Toni,25-Jan,Queer dark academia fantasy gaining traction,Other / Uncategorized,"YA Fantasy, Romance, Mystery",Yes,Labyrinth Road,2023,416,Not Yet Considered,,"Magical university, mystery, and queer longing",,Uncategorized,,Fantasy,,,,
Nimona,ND Stevenson,BookTok,Toni,25-Jan,Netflix adaptation keeps this viral,Adaptation / Movie Buzz,"Graphic Novel, Sci-Fi Fantasy",No,HarperTeen,2015,272,Film,Queer,"Death, identity",A shapeshifting teen joins a villain in chaos & healing,Death / Grief,Queer Identity,Fantasy,,,Graphic Novel,Graphic Novel
Sabrina & Corina,Kali Fajardo-Anstine,BookTok,Toni,25-Jan,Latinx feminist short stories resurging,Viral Momentum,"Literary Fiction, Short Stories",No,One World,2019,224,Not Yet Considered,,"Chicana women face love, loss, and generational memory",,Death / Grief,,Uncategorized,,,Anthology,Anthology
Wash Day Diaries,Jamila Rowser & Robyn Smith,BookTok,Toni,25-Jan,Graphic novel + soft aesthetic + Black girl joy,Viral Momentum,"Graphic Novel, Slice of Life",No,Chronicle Books,2021,128,Not Yet Considered,,"Five friends bond over love, hair care, and softness",,Uncategorized,,Contemporary Fiction,,,Graphic Novel,Graphic Novel
Light from Uncommon Stars,Ryka Aoki,BookTok,Toni,25-Jan,Queer sci-fi + violin demons still trending,Queer / Identity-Based Discovery,"Sci-Fi, Queer Lit, Fantasy",No,Tor,2021,384,Not Yet Considered,,"A runaway violinist, a trans girl, and a cursed mentor",,Uncategorized,,Fantasy,,Queer Lit,,Queer Lit
The Wicked Bargain,Gabe Cole Novoa,BookTok,Toni,25-Jan,Queer Latine pirate fantasy on the rise,Queer / Identity-Based Discovery,"YA Fantasy, Queer SFF",No,Balzer + Bray,2023,336,Not Yet Considered,"Sea Magic,Deals With The Devil",A trans boy tries to undo his father’s cursed pact,,Uncategorized,Uncategorized,Fantasy,,,,
Julia (Graphic Novel),Sandra Lucario & Leela Corman,BookTok,Toni,25-Jan,New alt-feminist GN release gaining traction,New Release Buzz,"Graphic Novel, Literary Queer Fiction",No,Small Press,2025,,Not Yet Considered,,,,,,Graphic Works,,,Graphic Novel,Graphic Novel
The Prince and the Dressmaker,Jen Wang,BookTok,Toni,25-Feb,Queer GN regains momentum with cosplay creators,Queer / Identity-Based Discovery,"Graphic Novel, Historical Queer Lit",No,First Second,2018,288,Not Yet Considered,"Queer,Aapi",Gender secrecy,A prince moonlights in gowns designed by his best friend,Uncategorized,"Asian / South Asian, Queer Identity",Historical Fiction,,Queer Lit,Graphic Novel,"Graphic Novel, Queer Lit"
Blanca & Roja,Anna-Marie McLemore,BookTok,Toni,25-Feb,Latinx magical realism still thriving,Viral Momentum,"Magical Realism, Queer Fairy Tale",No,Feiwel & Friends,2018,384,Film,"Latinx,Queer","Curses, transformation",Sisters caught in a family swan curse,Supernatural Horror,"Latinx, Queer Identity",Fantasy,,,,
Funeral Girl,Emma K. Ohland,BookTok,Toni,25-Feb,Quiet YA grief book with sapphic undertones trending,Series Momentum,"YA Contemporary, Magical Realism",No,Lerner,2023,288,Not Yet Considered,,A girl who can see the dead works in her mom’s funeral home,,Death / Grief,,Fantasy,,,,
Taproot,Keezy Young,BookTok,Toni,25-Feb,Soft boy ghost romance continues glowing,Viral Momentum,"Graphic Novel, Queer Romance",No,Oni Press,2017,128,Not Yet Considered,,A gardener and a ghost fall in love between worlds,,Supernatural Horror,,Romance,,,Graphic Novel,Graphic Novel
The Lesbiana’s Guide to Catholic School,Sonora Reyes,BookTok,Toni,25-Feb,Queer Latine teen voice still resonating,Queer / Identity-Based Discovery,"YA, Contemporary, Queer Coming of Age",No,Balzer + Bray,2022,400,Not Yet Considered,"Homophobia,Religion",A closeted girl finds love and rebellion,,Uncategorized,Queer Identity,Contemporary Fiction,,,,
Pet,Akwaeke Emezi,BookTok,Toni,25-Feb,Eerie allegory keeps drawing readers in,Viral Momentum,"YA, Speculative Fiction",Yes,Make Me a World,2019,208,Film,,A creature from a painting comes to hunt a hidden monster,,Uncategorized,,Speculative Fiction,,,,
Lore Olympus (Vol. 1),Rachel Smythe,BookTok,Toni,25-Feb,Webtoon-turned-print GN remains viral,Viral Momentum,"Graphic Novel, Myth Retelling",Yes,Del Rey,2021,384,Not Yet Considered,,"Hades x Persephone reimagined in pink, ink, and ache",,Uncategorized,,Fantasy,Retelling,,Graphic Novel,"Graphic Novel, Retelling"
Canto,David M. Booher & Drew Zucker,BookTok,Toni,25-Feb,Indie fantasy GN gains queer support,Indie Author Buzz,"Graphic Novel, Fantasy",Yes,IDW,2019,160,Film,Implied Queer,"Slavery, love",A tin knight fights for a clockwork heart,Uncategorized,Queer Identity,Fantasy,,,Graphic Novel,Graphic Novel
The Inheritance of Orquídea Divina,Zoraida Córdova,BookTok,Toni,25-Feb,Dreamlike Latinx magical family saga resurging,Viral Momentum,"Magical Realism, Family Saga",No,Atria,2021,336,Not Yet Considered,,A matriarch’s death leaves behind supernatural seeds,,"Death / Grief, Supernatural Horror",,Fantasy,,,,
The Girl from the Sea,Molly Knox Ostertag,BookTok,Toni,25-Feb,Sapphic selkie summer GN resurging,Viral Momentum,"Graphic Novel, Queer Romance",No,Graphix,2021,256,Film,Outing Fears,A teen girl falls for a selkie and faces who she is,,Uncategorized,Queer Identity,Romance,,,Graphic Novel,Graphic Novel
After the Forest,Kell Woods,BookTok,Toni,25-Feb,"“Hansel & Gretel, but grown” vibes trending",Viral Momentum,"Fantasy, Fairy Tale Retelling",No,Tor,2023,400,Film,,"Gretel's past is far from over, and so are the monsters",,Uncategorized,,Fantasy,Retelling,,,Retelling
Bitter,Akwaeke Emezi,BookTok,Toni,25-Feb,"Art, protest, and magical rage resurging",Viral Momentum,"YA Fantasy, Queer Lit",Yes,Knopf,2022,256,TV,,Teens summon monsters to fight systemic injustice,,"Classism / Poverty, Violence",,Fantasy,,Queer Lit,,Queer Lit
What the Font?!,Konnosuke Saeki,BookTok,Toni,25-Feb,Alt-typography manga trending in zinecore spaces,Viral Momentum,"Manga, Typography, Slice of Life",No,Seven Seas,2020,136,Not Yet Considered,Mild Work Stress,A girl finds sentient fonts living in her office,,Uncategorized,Uncategorized,Contemporary Fiction,,,Graphic Novel,Graphic Novel
Squire,Sara Alfageeh & Nadia Shammas,BookTok,Toni,25-Feb,Queer-coded Arab fantasy GN resurging,Queer / Identity-Based Discovery,"Graphic Novel, Historical Fantasy",No,HarperAlley,2022,336,Film,,A girl disguises herself to become a squire — or a symbol,,Uncategorized,,Fantasy,,,Graphic Novel,Graphic Novel
Miss Quinces,Kat Fajardo,BookTok,Toni,25-Feb,Quinceañera GN adored by Latinx BookTok,Series Momentum,"Graphic Novel, Contemporary",No,Graphix,2022,272,Not Yet Considered,Culture Clash,A comic artist endures a summer quince… and maybe likes it,,Uncategorized,Uncategorized,Contemporary Fiction,,,Graphic Novel,Graphic Novel
Julieta and the Romeos,Maria E. Andreu,BookTok,Toni,25-Mar,Bilingual rom-com with alt tropes resurging,Viral Momentum,"YA Romance, Latinx Fiction",No,Balzer + Bray,2023,368,Not Yet Considered,Mild Crush Drama,A girl co-writes a love story while unsure who her cowriter is,,Uncategorized,Uncategorized,Romance,,,,
Man Made Monsters,Andrea L. Rogers,BookTok,Toni,25-Mar,Indigenous queer horror/folklore trending,Queer / Identity-Based Discovery,"Horror, Short Stories, Speculative",No,Levine Querido,2022,320,Film,,A Cherokee family faces monsters across generations,,Uncategorized,,Horror,,,Anthology,Anthology
The Witch King,H.E. Edgmon,BookTok,Toni,25-Mar,Queer fae chaos & trans rep re-trending,Queer / Identity-Based Discovery,"YA Fantasy, Queer SFF",Yes,Inkyard Press,2021,384,Film,,A runaway witch prince is dragged back to fae courts,,Supernatural Horror,,Fantasy,,,,
Frizzy,"Claribel A. Ortega, Rose Bousamra",BookTok,Toni,25-Mar,Afro-Latinx hair identity GN still rising,Queer / Identity-Based Discovery,"Graphic Novel, Coming of Age",No,First Second,2022,224,Film,Cultural Tension,A tween pushes back on salon visits and embraces her curls,,Sexual Violence / SA,Uncategorized,Graphic Works,,,Graphic Novel,Graphic Novel
Everyone on This Train Is a Suspect,Benjamin Stevenson,BookTok,Toni,25-Mar,Alt comedy-mystery + GN meme trend,Viral Momentum,"Literary Mystery, Meta Humor",Yes,Mariner,2024,352,Not Yet Considered,,,A writer on a literary retreat gets caught in a real murder,,,Mystery / Thriller,,,,
The Deep & Dark Blue,Niki Smith,BookTok,Toni,25-Mar,Trans twins in graphic fantasy world still trending,Viral Momentum,"Graphic Novel, Queer Fantasy",No,"Little, Brown",2020,256,Not Yet Considered,"War,Identity",Siblings hide in a magical women’s order — and one finds herself,,Uncategorized,Uncategorized,Fantasy,,,Graphic Novel,Graphic Novel
Woven in Moonlight,Isabel Ibañez,BookTok,Toni,25-Mar,Latinx-inspired fantasy with weaving magic resurging,Viral Momentum,"YA Fantasy, Revolution",Yes,Page Street,2020,384,Not Yet Considered,"Colonialism,War",A girl spies for her people using magic spun into thread,,Uncategorized,Uncategorized,Fantasy,,Political,,Political
Heathen (Vol. 1),Natasha Alterici,BookTok,Toni,25-Mar,Queer Viking warrior story resurging in alt spaces,Queer / Identity-Based Discovery,"Graphic Novel, Queer Mythology",Yes,Vault Comics,2017,120,Not Yet Considered,,A banished woman rides to slay Odin and free the Valkyries,,Uncategorized,,Fantasy,,,Graphic Novel,Graphic Novel
You & Me at the End of the World,Brianna Bourne,BookTok,Toni,25-Mar,Apocalyptic metaphor romance rising again,Viral Momentum,"YA Speculative, Queer",No,Scholastic,2021,384,TV,"Loneliness,Mental Health",Two teens wake up to find they’re alone in the world — or are they?,,Uncategorized,Neurodivergent,Speculative Fiction,,,,
Thirsty Mermaids,Kat Leyh,BookTok,Toni,25-Mar,Queer chaotic mermaid GN trending again,Queer / Identity-Based Discovery,"Graphic Novel, Queer Comedy",No,Gallery 13,2021,256,Not Yet Considered,"Alcoholism,Queerness",Mermaids turn human to get more booze and crash a seaside town,,Uncategorized,"Intersectional / Mixed, Queer Identity",Graphic Works,,,Graphic Novel,Graphic Novel
When Angels Left the Old Country,Sacha Lamb,BookTok,Toni,25-Mar,Queer Jewish angel/demon alt fantasy resurging,Queer / Identity-Based Discovery,"Queer Fantasy, Historical",No,Levine Querido,2022,400,Not Yet Considered,"Immigration,Prejudice",An angel and a demon immigrate to 1900s NYC,,Uncategorized,Uncategorized,Fantasy,,,,
Cosmoknights (Vol. 1),Hannah Templer,BookTok,Toni,25-Mar,Space gladiator lesbians = still viral,Viral Momentum,"Graphic Novel, Queer Sci-Fi",Yes,Top Shelf,2019,216,Not Yet Considered,,Girls fight for liberation in intergalactic tournaments,,Violence,,Science Fiction,,,Graphic Novel,Graphic Novel
Juliet Takes a Breath,Gabby Rivera,BookTok,Toni,25-Mar,Print novel version resurging alongside GN,Viral Momentum,"Queer Coming of Age, Latinx",No,Dial Books,2016,276,Not Yet Considered,"Racism,Queer Identity",A Bronx teen explores queerness while interning with a white feminist,,Uncategorized,"Intersectional / Mixed, Queer Identity",Uncategorized,,,,
Tasting Light,Multiple Authors,BookTok,Toni,25-Mar,Queer SFF short fiction collection trending again,Queer / Identity-Based Discovery,"YA SFF, Anthology, Queer Lit",No,Levine Querido,2022,320,Not Yet Considered,,"Disabled, neurodivergent, and queer teens star in SFF tales",,"Disability / Neurodivergence, Sexual Violence / SA",,Fantasy,,Queer Lit,Anthology,"Anthology, Queer Lit"
We Are the Ants,Shaun David Hutchinson,BookTok,Toni,25-Mar,Sad gay aliens book resurging in emo BookTok,Series Momentum,"YA Sci-Fi, Queer Lit",No,Simon Pulse,2016,464,Film,,A boy can stop the end of the world — if he wants to,,Uncategorized,,Science Fiction,,Queer Lit,,Queer Lit
Mexican Gothic,Silvia Moreno-Garcia,BookTok,Toni,25-Apr,Gothic horror classic regains momentum,Other / Uncategorized,"Horror, Magical Realism, Feminist Lit",No,Del Rey,2020,320,Not Yet Considered,Latinx,"Body horror, racism","A 1950s Mexican socialite faces ghosts, mold, and madness","Racism / Discrimination, Sexual Content / Explicit Scenes",Latinx,Fantasy,,Feminist Lit,,Feminist Lit
The Moth Keeper,K. O’Neill,BookTok,Toni,25-Apr,Soft fantasy GN with sapphic vibes resurging,Viral Momentum,"Graphic Novel, Fantasy, Coming of Age",No,Random House,2023,272,Not Yet Considered,,A quiet girl guards the night moths that protect her desert village,,Uncategorized,,Fantasy,,,Graphic Novel,Graphic Novel
The Sunbearer Trials,Aiden Thomas,BookTok,Toni,25-Apr,Queer demi-god Latinx Hunger Games vibes trending,Queer / Identity-Based Discovery,"YA Fantasy, Myth-Inspired",Yes,Feiwel & Friends,2022,416,Not Yet Considered,,Trans teen competes in trials to save the world,,Sexual Violence / SA,,Fantasy,,,,
Shadowshaper,Daniel José Older,BookTok,Toni,25-Apr,Brooklyn street art + ancestral magic resurging,Viral Momentum,"YA Urban Fantasy, AfroLatinx Folklore",Yes,Arthur A. Levine,2015,304,Not Yet Considered,,A girl learns she’s part of a secret spiritual order,,Uncategorized,,Fantasy,,,,
The Book Eaters,Sunyi Dean,BookTok,Toni,25-Apr,Alt dark fantasy w/ viral “eats books not food” concept,Series Momentum,"Dark Fantasy, Gothic Alt Lit",No,Tor,2022,304,Not Yet Considered,,A mother rebels against her cult to save her queer son,,"Religious Trauma / Cults, Sexual Violence / SA",,Fantasy,,,,
Babel,R. F. Kuang,BookTok,Toni,25-Apr,Dark academia + linguistic magic remains viral,Other / Uncategorized,"Historical Fantasy, Alt-History",No,Harper Voyager,2022,560,TV,,Language is power — and its cost is blood,,Uncategorized,,Fantasy,,,,
Stargazing,Jen Wang,BookTok,Toni,25-Apr,Alt GN about girlhood + neurodivergence resurging,Viral Momentum,"Graphic Novel, Contemporary",No,First Second,2019,224,Film,Illness,A quiet girl befriends a chaotic girl with a brain condition,,Disability / Neurodivergence,Disability / Illness,Contemporary Fiction,,,Graphic Novel,Graphic Novel
The Ghosts of Rose Hill,R.M. Romero,BookTok,Toni,25-Apr,"Bilingual verse novel about ghosts, love, identity",Queer / Identity-Based Discovery,"Magical Realism, Verse, Queer Lit",No,Peachtree Teen,2022,400,Not Yet Considered,,A violinist finds a boy’s ghost — and her purpose — in Prague,,Supernatural Horror,,Fantasy,,Queer Lit,Verse,"Queer Lit, Verse"
The Magic Fish,Trung Le Nguyen,BookTok,Toni,25-Apr,Visual language & queer fairy tales still resonating,Queer / Identity-Based Discovery,"Graphic Novel, Coming of Age",No,Random House,2020,256,Film,,A son comes out through stories he can’t say aloud,,Sexual Violence / SA,,Graphic Works,,,Graphic Novel,Graphic Novel
The Strange Tales of Oscar Zahn,Tri Vuong,BookTok,Toni,25-Apr,Alt-quirky GN trending in zinecore and soft horror,Viral Momentum,"Graphic Novel, Supernatural Mystery",Yes,Webtoon/Indie,2024,200+,Not Yet Considered,,A skull-headed spirit detective solves grief-shaped mysteries,,Death / Grief,,Mystery / Thriller,,,Graphic Novel,Graphic Novel
Undrowned: Black Feminist Lessons from Marine Mammals,Alexis Pauline Gumbs,BookTok,Toni,25-Apr,Experimental queer nonfiction resurging in indie circles,Indie Author Buzz,"Essay/Poetry, Speculative Nonfiction",No,AK Press,2020,180,Not Yet Considered,"Existential,Poetic","Lessons from whales, dolphins, and survival",,Uncategorized,Uncategorized,Speculative Fiction,,,,
Camp Spirit,Axelle Lenoir,BookTok,Toni,25-Apr,Soft horror + queer awakening GN resurging,Queer / Identity-Based Discovery,"Graphic Novel, Horror-Comedy",No,Top Shelf,2020,244,Film,,A camp counselor with a bad attitude uncovers weird truths,,Uncategorized,,Horror,,,Graphic Novel,Graphic Novel
Bruja Born,Zoraida Córdova,BookTok,Toni,25-Apr,Brooklyn bruja sisters still hot on TikTok,Viral Momentum,"YA Urban Fantasy, Latinx Witch Lit",Yes,Sourcebooks,2018,336,Not Yet Considered,,A bruja accidentally raises the dead,,Uncategorized,,Fantasy,,,,
"Everything Is Beautiful, and I'm Not Afraid",Yao Xiao,BookTok,Toni,25-Apr,Tender alt memoir in comic form resurging,Viral Momentum,"Graphic Memoir, Queer",No,Andrews McMeel,2020,144,Not Yet Considered,,"A Chinese queer artist reflects on love, belonging, and names",,Uncategorized,,Graphic Works,,,Memoir,Memoir
Deep Dark Fears,Fran Krause,BookTok,Toni,25-Apr,Dreamy horror microcomic trending again,Viral Momentum,"Graphic Novel, Horror Humor",Yes,Ten Speed,2015,160,Film,,"Readers’ most irrational fears, drawn like bedtime stories",,Uncategorized,,Horror,,,Graphic Novel,Graphic Novel
We Are the Crisis,Cadwell Turnbull,BookTok,Toni,25-May,Sequel to viral alt-sci-fi with themes of revolution,Series Momentum,"Afrofuturism, Sci-Fi",Yes,Blackstone,2023,416,Film,,Secret gods live among us — and fight for liberation,,Violence,,Science Fiction,,,,
The Prince and the Dressmaker,Jen Wang,BookTok,Toni,25-May,Graphic fairytale resurges with cosplay fandom,Viral Momentum,"Graphic Novel, Queer Fairytale",No,First Second,2018,288,Not Yet Considered,Gender Dysphoria,A prince wears dresses at night — and finds love,,Uncategorized,Gender Identity,Graphic Works,,,Graphic Novel,Graphic Novel
Witchbody,Sabrina Scott,BookTok,Toni,25-May,Queer ecological witchcraft zine resurging,Queer / Identity-Based Discovery,"Graphic Essay, Occult Theory",No,Self-Pub / indie,2019,120,Not Yet Considered,,"A visual essay on witchcraft, body, and nature",,"Sexual Violence / SA, Supernatural Horror",,Nonfiction / Essay,,,,
Juniper & Thorn,Ava Reid,BookTok,Toni,25-May,Gothic fairytale horror still drawing new readers,Other / Uncategorized,"Dark Fantasy, Horror",No,Harper Voyager,2022,304,Not Yet Considered,,A witch girl fights patriarchal control in a cursed city,,"Supernatural Horror, Violence",,Fantasy,,,,
Tell Me How It Ends,Valeria Luiselli,BookTok,Toni,25-May,Short-form activism & immigration storytelling resurging,Viral Momentum,"Essay, Nonfiction",No,Coffee House Press,2017,128,Not Yet Considered,,A translator recounts real migrant children’s stories,,Uncategorized,,Nonfiction / Essay,,,,
The Stars and the Blackness Between Them,Junauda Petrus,BookTok,Toni,25-May,Queer poetic novel resurging for stargazers & softies,Queer / Identity-Based Discovery,"YA Literary, Magical Realism",No,Dutton,2019,320,Not Yet Considered,,A Trinidadian girl meets a girl in Minneapolis — and love,,Uncategorized,,Fantasy,,,,
We Light Up the Sky,Lilliam Rivera,BookTok,Toni,25-May,Anti-colonial alien sci-fi re-trending via alt recs,Viral Momentum,YA Sci-Fi,No,Bloomsbury YA,2021,224,Not Yet Considered,,"A girl, a ghost, and an alien visitor",,Supernatural Horror,,Science Fiction,,,,
Your Heart is a Muscle the Size of a Fist,Sunil Yapa,BookTok,Toni,25-May,Protest lit resurging amid political unrest,Viral Momentum,"Literary Fiction, Protest Lit",No,Lee Boudreaux Books,2016,320,Not Yet Considered,,A young man is caught between protestors and cops at WTO,,War / Political Oppression,,Uncategorized,,,,
When the Moon Was Ours,Anna-Marie McLemore,BookTok,Toni,25-May,Queer trans fairytale remains a quiet classic,Queer / Identity-Based Discovery,YA Magical Realism,No,Thomas Dunne,2016,288,Not Yet Considered,"Transphobia,Secrets",A moonmaker and a rose-growing girl in a magical small town,,Uncategorized,Gender Identity,Fantasy,,,,
A Natural History of Transition,Callum Angus,BookTok,Toni,25-May,Indie queer lit gaining momentum via small press fans,Indie Author Buzz,"Literary Fiction, Speculative",No,Metonymy Press,2021,160,Not Yet Considered,"Dysphoria,Transformation","Surreal, mythic stories of gender and body shifts",,Uncategorized,Gender Identity,Speculative Fiction,,,,
Light from Uncommon Stars,Ryka Aoki,BookTok,Toni,25-May,Space violinists + demons + donuts = viral again,Viral Momentum,Queer Sci-Fi Fantasy,No,Tor,2021,384,Not Yet Considered,,A trans violinist finds family with a space alien baker,,Uncategorized,,Fantasy,,,,
Abolition. Feminism. Now.,"Angela Davis, Gina Dent, et al.",BookTok,Toni,25-May,Radical nonfiction trending through #booktokfeminism,Series Momentum,"Nonfiction, Political Theory",No,Haymarket Books,2022,220,Not Yet Considered,Incarceration,"A call to rethink justice, care, and systems",,Uncategorized,Uncategorized,Nonfiction / Essay,,Political,,Political
Cemetery Boys,Aiden Thomas,BookTok,Toni,25-May,Sapphic-coded ghost story still beloved,Viral Momentum,"YA Paranormal, Romance",No,Swoon Reads,2020,352,Not Yet Considered,,A boy summons a ghost who won’t leave,,Supernatural Horror,,Romance,,,,
Dreaming of You,Melissa Lozada-Oliva,BookTok,Toni,25-May,Bizarre poetic horror novella trending again,Viral Momentum,"Poetry/Novella, Pop Culture Horror",No,Astra House,2021,112,TV,,A girl resurrects Selena — with chaotic results,,Uncategorized,,Horror,,,Novella,Novella
Never Heroes,T. Rafael Cimino,BookTok,Toni,25-May,Latinx urban fantasy gaining steam via indie hype,Indie Author Buzz,"Urban Fantasy, Action Lit",No,Self-Pub,2024,380,Film,,A washed-up cop becomes protector of ancient deities in Miami,,Uncategorized,,Fantasy,,,,
